"year","lat_dd","sst_c"
1891,10.5,27.8619163513184
1891,11.5,28.1882810592651
1891,12.5,28.4009094238281
1891,13.5,28.5436975161235
1891,14.5,28.55615494468
1891,15.5,28.5105385780334
1891,16.5,28.2808564503988
1891,17.5,27.7664882114955
1891,18.5,27.3040000915527
1891,19.5,26.5855207443237
1891,20.5,26.3053131103516
1891,21.5,25.4201491219657
1891,22.5,24.1986804538303
1891,23.5,23.8325693342421
1891,24.5,22.5955352783203
1891,25.5,21.1133332252502
1891,26.5,20.2276134490967
1891,27.5,19.3716665267944
1891,28.5,18.5024793624878
1891,29.5,17.9771760304769
1891,30.5,17.7511013575963
1891,31.5,17.2540364265442
1891,32.5,16.5603466033936
1891,33.5,16.4444446563721
1892,10.5,27.0786666870117
1892,11.5,27.5346615314484
1892,12.5,27.8934281089089
1892,13.5,28.1424825986226
1892,14.5,28.2124812386253
1892,15.5,28.156666914622
1892,16.5,27.8407872517904
1892,17.5,27.1990773337228
1892,18.5,26.6214580535889
1892,19.5,25.7527089118958
1892,20.5,25.438645362854
1892,21.5,24.5045833587646
1892,22.5,23.2532174852159
1892,23.5,22.9862499237061
1892,24.5,21.8175294058663
1892,25.5,20.4499478340149
1892,26.5,19.6948677409779
1892,27.5,18.9846878051758
1892,28.5,18.2474792480469
1892,29.5,17.7863890329997
1892,30.5,17.5739288330078
1892,31.5,17.0656251907349
1892,32.5,16.2924308776855
1892,33.5,16.1096528371175
1893,10.5,27.2770832061768
1893,11.5,27.7114582061768
1893,12.5,28.008655201305
1893,13.5,28.1905209223429
1893,14.5,28.2059279355136
1893,15.5,28.1583681106567
1893,16.5,27.9043519761827
1893,17.5,27.3585117885045
1893,18.5,26.8611251831055
1893,19.5,26.0585412979126
1893,20.5,25.7323436737061
1893,21.5,24.7398806980678
1893,22.5,23.4084027608236
1893,23.5,23.0248616536458
1893,24.5,21.7730061667306
1893,25.5,20.318359375
1893,26.5,19.4968558224765
1893,27.5,18.7183334350586
1893,28.5,17.9094375610352
1893,29.5,17.4016666412354
1893,30.5,17.1792855943952
1893,31.5,16.6477080583572
1893,32.5,15.9268054962158
1893,33.5,15.7535416285197
1894,10.5,27.1334167480469
1894,11.5,27.590859413147
1894,12.5,27.940019087358
1894,13.5,28.1707811355591
1894,14.5,28.2183144309304
1894,15.5,28.1647396087646
1894,16.5,27.8809719085693
1894,17.5,27.2914581298828
1894,18.5,26.7647083282471
1894,19.5,25.9658851623535
1894,20.5,25.6844787597656
1894,21.5,24.7590776171003
1894,22.5,23.4772220187717
1894,23.5,23.1615047454834
1894,24.5,21.9082739693778
1894,25.5,20.4121351242065
1894,26.5,19.5203410061923
1894,27.5,18.7246873855591
1894,28.5,17.875895690918
1894,29.5,17.3539354536268
1894,30.5,17.1224700382778
1894,31.5,16.5574218034744
1894,32.5,15.8022918701172
1894,33.5,15.6246528625488
1895,10.5,27.6526668548584
1895,11.5,28.071328163147
1895,12.5,28.3588071302934
1895,13.5,28.5404167175293
1895,14.5,28.5623297257857
1895,15.5,28.518541653951
1895,16.5,28.2709030575222
1895,17.5,27.762321472168
1895,18.5,27.3223331451416
1895,19.5,26.6128644943237
1895,20.5,26.3692712783813
1895,21.5,25.4585116250174
1895,22.5,24.1656483544244
1895,23.5,23.7956017388238
1895,24.5,22.5309524536133
1895,25.5,21.07692694664
1895,26.5,20.2601703297008
1895,27.5,19.4630416870117
1895,28.5,18.6356876373291
1895,29.5,18.0767824384901
1895,30.5,17.7773216792515
1895,31.5,17.173280954361
1895,32.5,16.3543745676676
1895,33.5,16.1365973154704
1896,10.5,27.8987915039062
1896,11.5,28.2872657775879
1896,12.5,28.5542425675826
1896,13.5,28.7279167175293
1896,14.5,28.7465718009255
1896,15.5,28.7012497584025
1896,16.5,28.4724767473009
1896,17.5,27.9428868974958
1896,18.5,27.4488750457764
1896,19.5,26.6828126907349
1896,20.5,26.4139585494995
1896,21.5,25.5072021484375
1896,22.5,24.2284950680203
1896,23.5,23.914652718438
1896,24.5,22.6570538112095
1896,25.5,21.1536719799042
1896,26.5,20.2571024461226
1896,27.5,19.4414999008179
1896,28.5,18.5734582901001
1896,29.5,18.0168516370985
1896,30.5,17.7338096073696
1896,31.5,17.136458158493
1896,32.5,16.3433335622152
1896,33.5,16.1257638931274
1897,10.5,27.9105415344238
1897,11.5,28.3128385543823
1897,12.5,28.6124243302779
1897,13.5,28.8416144053141
1897,14.5,28.930511301214
1897,15.5,28.9426910082499
1897,16.5,28.7588655683729
1897,17.5,28.2470242636544
1897,18.5,27.7670833587646
1897,19.5,27.0041666030884
1897,20.5,26.7258334159851
1897,21.5,25.7918158939907
1897,22.5,24.4876386854384
1897,23.5,24.1592593722873
1897,24.5,22.8905356270926
1897,25.5,21.3823697566986
1897,26.5,20.4581252011386
1897,27.5,19.6395626068115
1897,28.5,18.7345830917358
1897,29.5,18.1487038930257
1897,30.5,17.8444641658238
1897,31.5,17.2013804912567
1897,32.5,16.4295838673909
1897,33.5,16.2392358779907
1898,10.5,27.4673336029053
1898,11.5,27.9330992698669
1898,12.5,28.2828979492188
1898,13.5,28.5301559766134
1898,14.5,28.598390232433
1898,15.5,28.5807811419169
1898,16.5,28.3425462510851
1898,17.5,27.781160899571
1898,18.5,27.2719165802002
1898,19.5,26.4944272041321
1898,20.5,26.2017707824707
1898,21.5,25.2868450709752
1898,22.5,24.0755551656087
1898,23.5,23.7947919633653
1898,24.5,22.6425887516567
1898,25.5,21.2065885066986
1898,26.5,20.254583011974
1898,27.5,19.3790210723877
1898,28.5,18.4247081756592
1898,29.5,17.7994906107585
1898,30.5,17.4769050053188
1898,31.5,16.8042448759079
1898,32.5,16.0262502034505
1898,33.5,15.8447221120199
1899,10.5,27.7740001678467
1899,11.5,28.1507811546326
1899,12.5,28.4106247641824
1899,13.5,28.5801213582357
1899,14.5,28.5937120264227
1899,15.5,28.5447220802307
1899,16.5,28.2853471967909
1899,17.5,27.7398215702602
1899,18.5,27.2516666412354
1899,19.5,26.481406211853
1899,20.5,26.2069272994995
1899,21.5,25.2941371372768
1899,22.5,24.0416202545166
1899,23.5,23.7203934987386
1899,24.5,22.4951487949916
1899,25.5,21.0255467891693
1899,26.5,20.1265338550914
1899,27.5,19.3186250686646
1899,28.5,18.4553127288818
1899,29.5,17.9219678243001
1899,30.5,17.679494040353
1899,31.5,17.0735681056976
1899,32.5,16.3176383972168
1899,33.5,16.1039581298828
1900,10.5,27.7557918548584
1900,11.5,28.1602084636688
1900,12.5,28.4597728035667
1900,13.5,28.6725522677104
1900,14.5,28.7233333587646
1900,15.5,28.6979686419169
1900,16.5,28.4810415903727
1900,17.5,27.9595835549491
1900,18.5,27.4894584655762
1900,19.5,26.7561974525452
1900,20.5,26.4951558113098
1900,21.5,25.6088989802769
1900,22.5,24.3979629940457
1900,23.5,24.1243750254313
1900,24.5,22.9535715920585
1900,25.5,21.5309896469116
1900,26.5,20.7069507945668
1900,27.5,19.9276460647583
1900,28.5,19.103729057312
1900,29.5,18.5959487491184
1900,30.5,18.3601188659668
1900,31.5,17.8184635639191
1900,32.5,17.0606943766276
1900,33.5,16.8897221883138
1901,10.5,27.5525001525879
1901,11.5,27.9620311260223
1901,12.5,28.2421592365612
1901,13.5,28.4171527226766
1901,14.5,28.4296781366522
1901,15.5,28.3686285018921
1901,16.5,28.0828937954373
1901,17.5,27.5197917393276
1901,18.5,27.0379581451416
1901,19.5,26.3119792938232
1901,20.5,26.1059374809265
1901,21.5,25.3098812103271
1901,22.5,24.1822452545166
1901,23.5,23.9876850975884
1901,24.5,22.9168752942766
1901,25.5,21.5585417747498
1901,26.5,20.6912311207164
1901,27.5,19.9092290878296
1901,28.5,18.9760625839233
1901,29.5,18.3624307844374
1901,30.5,18.0545831407819
1901,31.5,17.3636980056763
1901,32.5,16.5826384226481
1901,33.5,16.3822224934896
1902,10.5,27.5809581756592
1902,11.5,27.9627087116241
1902,12.5,28.2325756766579
1902,13.5,28.4162847201029
1902,14.5,28.435170433738
1902,15.5,28.3774304389954
1902,16.5,28.1223377651638
1902,17.5,27.5645239693778
1902,18.5,27.0889999389648
1902,19.5,26.3838019371033
1902,20.5,26.210572719574
1902,21.5,25.3844045911516
1902,22.5,24.1780092451308
1902,23.5,23.9810184902615
1902,24.5,22.8080359867641
1902,25.5,21.350625038147
1902,26.5,20.4623674912886
1902,27.5,19.6363750457764
1902,28.5,18.7025417327881
1902,29.5,18.100648244222
1902,30.5,17.7706549508231
1902,31.5,17.1033592224121
1902,32.5,16.2120831807454
1902,33.5,15.9431947072347
1903,10.5,27.3441665649414
1903,11.5,27.8011193275452
1903,12.5,28.13867447593
1903,13.5,28.3430380821228
1903,14.5,28.3547538410534
1903,15.5,28.2872392336528
1903,16.5,28.0623378753662
1903,17.5,27.56113079616
1903,18.5,27.123791885376
1903,19.5,26.497239112854
1903,20.5,26.3177080154419
1903,21.5,25.5663691929408
1903,22.5,24.4056479136149
1903,23.5,24.1785647074382
1903,24.5,23.0386308942522
1903,25.5,21.5978126525879
1903,26.5,20.6739957982844
1903,27.5,19.8567083358765
1903,28.5,18.8932498931885
1903,29.5,18.2578707800971
1903,30.5,17.9133927481515
1903,31.5,17.1629428863525
1903,32.5,16.3134028116862
1903,33.5,16.0618747075399
1904,10.5,27.487833404541
1904,11.5,27.933046579361
1904,12.5,28.2256816517223
1904,13.5,28.3733334541321
1904,14.5,28.3721967176958
1904,15.5,28.3352953592936
1904,16.5,28.1696529388428
1904,17.5,27.7497321537563
1904,18.5,27.38125
1904,19.5,26.7606768608093
1904,20.5,26.5479683876038
1904,21.5,25.7106249673026
1904,22.5,24.4782636430528
1904,23.5,24.09337955051
1904,24.5,22.8509229932513
1904,25.5,21.410521030426
1904,26.5,20.5882006558505
1904,27.5,19.7815212249756
1904,28.5,18.932562828064
1904,29.5,18.3577774895562
1904,30.5,18.0433927263532
1904,31.5,17.3671352863312
1904,32.5,16.5094445546468
1904,33.5,16.2106246948242
1905,10.5,28.0576667785645
1905,11.5,28.4257030487061
1905,12.5,28.6395263671875
1905,13.5,28.7355381647746
1905,14.5,28.6745267347856
1905,15.5,28.5924132664998
1905,16.5,28.4182868533664
1905,17.5,28.0075296674456
1905,18.5,27.655041885376
1905,19.5,27.1021876335144
1905,20.5,26.9598441123962
1905,21.5,26.221518107823
1905,22.5,25.0877776675754
1905,23.5,24.7663423750136
1905,24.5,23.5393750326974
1905,25.5,22.0208852291107
1905,26.5,20.9932384490967
1905,27.5,20.0488121032715
1905,28.5,19.0077289581299
1905,29.5,18.2950460645888
1905,30.5,17.8831250326974
1905,31.5,17.1192970275879
1905,32.5,16.225138982137
1905,33.5,15.9376382827759
1906,10.5,27.2589584350586
1906,11.5,27.7359371185303
1906,12.5,28.096306367354
1906,13.5,28.3264236450195
1906,14.5,28.372821634466
1906,15.5,28.3110936482747
1906,16.5,28.0691432952881
1906,17.5,27.5567261832101
1906,18.5,27.118083190918
1906,19.5,26.4871354103088
1906,20.5,26.2754168510437
1906,21.5,25.45630972726
1906,22.5,24.2238657209608
1906,23.5,23.8554632398817
1906,24.5,22.5474403926304
1906,25.5,21.0094010829926
1906,26.5,20.1213070262562
1906,27.5,19.2618335723877
1906,28.5,18.3855627059937
1906,29.5,17.8020831214057
1906,30.5,17.4363389696394
1906,31.5,16.7518752813339
1906,32.5,15.7738196055094
1906,33.5,15.4076385498047
1907,10.5,27.0106666564941
1907,11.5,27.5095055103302
1907,12.5,27.9544885808771
1907,13.5,28.2576217651367
1907,14.5,28.3563067696311
1907,15.5,28.3053994178772
1907,16.5,28.0406017303467
1907,17.5,27.4739878518241
1907,18.5,26.9752494812012
1907,19.5,26.2907290458679
1907,20.5,26.0379166603088
1907,21.5,25.2318156106131
1907,22.5,24.0407638549805
1907,23.5,23.6692827012804
1907,24.5,22.4567260742188
1907,25.5,21.0216927528381
1907,26.5,20.1965340701017
1907,27.5,19.382145690918
1907,28.5,18.4672290802002
1907,29.5,17.8500463697645
1907,30.5,17.4901485443115
1907,31.5,16.7507289648056
1907,32.5,15.8081947962443
1907,33.5,15.4651387532552
1908,10.5,27.1225002288818
1908,11.5,27.6207032203674
1908,12.5,27.9813447432085
1908,13.5,28.1881596247355
1908,14.5,28.216553254561
1908,15.5,28.1626216570536
1908,16.5,27.9816434648302
1908,17.5,27.5097620827811
1908,18.5,27.1072917938232
1908,19.5,26.4714059829712
1908,20.5,26.219687461853
1908,21.5,25.3339584895543
1908,22.5,24.0135417514377
1908,23.5,23.5907179514567
1908,24.5,22.2603868756975
1908,25.5,20.7293231487274
1908,26.5,19.8296968286688
1908,27.5,18.9882499694824
1908,28.5,18.1154169082642
1908,29.5,17.5294212765164
1908,30.5,17.1833929334368
1908,31.5,16.4415882825851
1908,32.5,15.4741668701172
1908,33.5,15.0829861958822
1909,10.5,27.1616668701172
1909,11.5,27.6223955154419
1909,12.5,27.9253030256792
1909,13.5,28.0729689598083
1909,14.5,28.033579566262
1909,15.5,27.9273266792297
1909,16.5,27.5793287489149
1909,17.5,26.9978272574288
1909,18.5,26.5312919616699
1909,19.5,25.8150005340576
1909,20.5,25.6056251525879
1909,21.5,24.7330654689244
1909,22.5,23.4761108822293
1909,23.5,23.1663888295492
1909,24.5,21.9006546565465
1909,25.5,20.3655467033386
1909,26.5,19.5261743718928
1909,27.5,18.7077083587646
1909,28.5,17.8245624542236
1909,29.5,17.2464353773329
1909,30.5,16.946279661996
1909,31.5,16.2423176765442
1909,32.5,15.3319441477458
1909,33.5,15.0192356109619
1910,10.5,26.7220420837402
1910,11.5,27.1945052146912
1910,12.5,27.5259662974964
1910,13.5,27.7325174013774
1910,14.5,27.7687308571555
1910,15.5,27.7486111323039
1910,16.5,27.5739580790202
1910,17.5,27.1097025190081
1910,18.5,26.7107917785645
1910,19.5,26.0521354675293
1910,20.5,25.8583331108093
1910,21.5,24.9690478188651
1910,22.5,23.6753934224447
1910,23.5,23.2958566877577
1910,24.5,22.0010711124965
1910,25.5,20.5358595848083
1910,26.5,19.6738256974654
1910,27.5,18.8187501907349
1910,28.5,17.8788543701172
1910,29.5,17.2487500508626
1910,30.5,16.8338095801217
1910,31.5,16.0136717557907
1910,32.5,15.0215969085693
1910,33.5,14.6399304072062
1911,10.5,27.204125213623
1911,11.5,27.6966922283173
1911,12.5,28.0558901700107
1911,13.5,28.299045085907
1911,14.5,28.3850947293368
1911,15.5,28.4022221565247
1911,16.5,28.2296295166016
1911,17.5,27.7775892530169
1911,18.5,27.4087493896484
1911,19.5,26.7952604293823
1911,20.5,26.6305727958679
1911,21.5,25.8630954197475
1911,22.5,24.6923611958822
1911,23.5,24.3625693851047
1911,24.5,23.1146133967808
1911,25.5,21.5153908729553
1911,26.5,20.3974243510853
1911,27.5,19.3811458587646
1911,28.5,18.2393333435059
1911,29.5,17.4362036387126
1911,30.5,16.9292855943952
1911,31.5,16.0211719274521
1911,32.5,15.1026388804118
1911,33.5,14.8129167556763
1912,10.5,27.3108333587646
1912,11.5,27.7354423999786
1912,12.5,28.0490909923207
1912,13.5,28.2674654324849
1912,14.5,28.3013069846413
1912,15.5,28.2683852513631
1912,16.5,28.0493517981635
1912,17.5,27.5677084241595
1912,18.5,27.1546253204346
1912,19.5,26.4928646087646
1912,20.5,26.2538542747498
1912,21.5,25.3805953434535
1912,22.5,24.0906484391954
1912,23.5,23.665856467353
1912,24.5,22.2993153163365
1912,25.5,20.6634373664856
1912,26.5,19.6682382063432
1912,27.5,18.7437084197998
1912,28.5,17.8538957595825
1912,29.5,17.3150463104248
1912,30.5,17.0685413905552
1912,31.5,16.4750521183014
1912,32.5,15.6564582188924
1912,33.5,15.4081249237061
1913,10.5,27.1096248626709
1913,11.5,27.5428645610809
1913,12.5,27.8349243510853
1913,13.5,28.0292015075684
1913,14.5,28.078352321278
1913,15.5,28.0638717015584
1913,16.5,27.8765279981825
1913,17.5,27.312559400286
1913,18.5,26.7693332672119
1913,19.5,25.890260219574
1913,20.5,25.4619793891907
1913,21.5,24.3564583914621
1913,22.5,22.9078239864773
1913,23.5,22.3827546437581
1913,24.5,21.0772615160261
1913,25.5,19.684713602066
1913,26.5,18.993333122947
1913,27.5,18.3017084121704
1913,28.5,17.6043127059937
1913,29.5,17.1224303775364
1913,30.5,16.8173512050084
1913,31.5,16.2176823616028
1913,32.5,15.3013887405396
1913,33.5,14.9970137278239
1914,10.5,27.3621669769287
1914,11.5,27.7491927146912
1914,12.5,28.031382820823
1914,13.5,28.2182812690735
1914,14.5,28.2758142297918
1914,15.5,28.2533334096273
1914,16.5,28.1520370907254
1914,17.5,27.7108331407819
1914,18.5,27.3004997253418
1914,19.5,26.5797395706177
1914,20.5,26.2361974716187
1914,21.5,25.1838392530169
1914,22.5,23.7474539015028
1914,23.5,23.2480786641439
1914,24.5,21.8761607578823
1914,25.5,20.3769533634186
1914,26.5,19.5442045385187
1914,27.5,18.7261875152588
1914,28.5,17.9061458587646
1914,29.5,17.3574996524387
1914,30.5,17.0790179116385
1914,31.5,16.4414058923721
1914,32.5,15.589791615804
1914,33.5,15.357014020284
1915,10.5,27.6431663513184
1915,11.5,27.9801819324493
1915,12.5,28.1831817626953
1915,13.5,28.3197048505147
1915,14.5,28.3129546425559
1915,15.5,28.2473090489705
1915,16.5,28.0290046268039
1915,17.5,27.5103272029332
1915,18.5,27.0488750457764
1915,19.5,26.3319792747498
1915,20.5,26.0463542938232
1915,21.5,25.1143749782017
1915,22.5,23.8205555809869
1915,23.5,23.4074304368761
1915,24.5,22.1399402618408
1915,25.5,20.655416727066
1915,26.5,19.7725190249356
1915,27.5,18.9038959503174
1915,28.5,18.0426040649414
1915,29.5,17.474768532647
1915,30.5,17.1649404253278
1915,31.5,16.5790884494781
1915,32.5,15.7511110305786
1915,33.5,15.5310414632161
1916,10.5,26.7265419006348
1916,11.5,27.1778647899628
1916,12.5,27.4950381192294
1916,13.5,27.7212495803833
1916,14.5,27.8065152601762
1916,15.5,27.8145658175151
1916,16.5,27.6376620398627
1916,17.5,27.1082442147391
1916,18.5,26.6110420227051
1916,19.5,25.7993745803833
1916,20.5,25.4176564216614
1916,21.5,24.3283034733364
1916,22.5,22.8299768235948
1916,23.5,22.2445602416992
1916,24.5,20.7611904144287
1916,25.5,19.1846873760223
1916,26.5,18.3900569568981
1916,27.5,17.6020000457764
1916,28.5,16.9122291564941
1916,29.5,16.4815278583103
1916,30.5,16.2332439422607
1916,31.5,15.7380468845367
1916,32.5,14.8205553690592
1916,33.5,14.5542357762655
1917,10.5,26.4965000152588
1917,11.5,26.9379427433014
1917,12.5,27.3306059403853
1917,13.5,27.6480383872986
1917,14.5,27.772272456776
1917,15.5,27.767048517863
1917,16.5,27.5138195885552
1917,17.5,26.9016072409494
1917,18.5,26.3625835418701
1917,19.5,25.5564579963684
1917,20.5,25.2457284927368
1917,21.5,24.3832438332694
1917,22.5,23.2133564419217
1917,23.5,22.8855787913005
1917,24.5,21.7411011287144
1917,25.5,20.3791408538818
1917,26.5,19.5770071203058
1917,27.5,18.773999786377
1917,28.5,17.9342500686646
1917,29.5,17.3789812723796
1917,30.5,17.0792260851179
1917,31.5,16.4428126811981
1917,32.5,15.50319480896
1917,33.5,15.1225694020589
1918,10.5,27.2527084350586
1918,11.5,27.5882551670074
1918,12.5,27.8282765475186
1918,13.5,28.0031771659851
1918,14.5,28.0384850935502
1918,15.5,28.0363543828328
1918,16.5,27.9459029303657
1918,17.5,27.5571428026472
1918,18.5,27.1778747558594
1918,19.5,26.5686984062195
1918,20.5,26.3375000953674
1918,21.5,25.5296726226807
1918,22.5,24.3781019846598
1918,23.5,24.032939698961
1918,24.5,22.8476783207485
1918,25.5,21.4105989933014
1918,26.5,20.5678599964489
1918,27.5,19.7572708129883
1918,28.5,18.8807291030884
1918,29.5,18.3178009457058
1918,30.5,18.0180059160505
1918,31.5,17.3992967605591
1918,32.5,16.4862499237061
1918,33.5,16.1172221501668
1919,10.5,27.6000415802002
1919,11.5,28.0040366649628
1919,12.5,28.3088259263472
1919,13.5,28.4965972900391
1919,14.5,28.5200191844593
1919,15.5,28.460885365804
1919,16.5,28.2601852416992
1919,17.5,27.7299404144287
1919,18.5,27.2277084350586
1919,19.5,26.4497394561768
1919,20.5,26.0914583206177
1919,21.5,25.105982371739
1919,22.5,23.7423379686144
1919,23.5,23.2552780575222
1919,24.5,21.9263689858573
1919,25.5,20.3962497711182
1919,26.5,19.5079921375621
1919,27.5,18.6229377746582
1919,28.5,17.7405416488647
1919,29.5,17.1629861195882
1919,30.5,16.8510118212019
1919,31.5,16.262708067894
1919,32.5,15.3835414250692
1919,33.5,15.0758336385091
1920,10.5,27.1814582824707
1920,11.5,27.5956251621246
1920,12.5,27.9564963254062
1920,13.5,28.1803647677104
1920,14.5,28.2331816933372
1920,15.5,28.2042708396912
1920,16.5,28.0650696224636
1920,17.5,27.6018453325544
1920,18.5,27.1570419311523
1920,19.5,26.3995313644409
1920,20.5,26.03515625
1920,21.5,24.9619045257568
1920,22.5,23.514745288425
1920,23.5,22.9984495374892
1920,24.5,21.6869940076556
1920,25.5,20.2434632778168
1920,26.5,19.4636552984064
1920,27.5,18.7187707901001
1920,28.5,17.9191041946411
1920,29.5,17.3745371500651
1920,30.5,17.0824999128069
1920,31.5,16.4422399997711
1920,32.5,15.5245831807454
1920,33.5,15.1838194529215
1921,10.5,26.9952919006348
1921,11.5,27.4418489933014
1921,12.5,27.8339583657005
1921,13.5,28.0951561927795
1921,14.5,28.1870079040527
1921,15.5,28.1789582570394
1921,16.5,27.9779169294569
1921,17.5,27.3909225463867
1921,18.5,26.8363750457764
1921,19.5,25.9552083015442
1921,20.5,25.5657811164856
1921,21.5,24.5313393729074
1921,22.5,23.1715047624376
1921,23.5,22.7694210476345
1921,24.5,21.5942856924874
1921,25.5,20.2699999809265
1921,26.5,19.5434091741388
1921,27.5,18.8224374771118
1921,28.5,18.0667295455933
1921,29.5,17.5590275658502
1921,30.5,17.2721432277134
1921,31.5,16.658463716507
1921,32.5,15.7591663996379
1921,33.5,15.4134721755981
1922,10.5,27.2389583587646
1922,11.5,27.7182555198669
1922,12.5,28.1208523837003
1922,13.5,28.4222569465637
1922,14.5,28.5567802082409
1922,15.5,28.5814584096273
1922,16.5,28.4176620907254
1922,17.5,27.8935416085379
1922,18.5,27.3800834655762
1922,19.5,26.524010181427
1922,20.5,26.1484375
1922,21.5,25.1158632550921
1922,22.5,23.7711573706733
1922,23.5,23.3208796183268
1922,24.5,22.1237798418318
1922,25.5,20.7253901958466
1922,26.5,19.9096589521928
1922,27.5,19.053750038147
1922,28.5,18.2061876296997
1922,29.5,17.6442595587836
1922,30.5,17.3394344874791
1922,31.5,16.7423697710037
1922,32.5,15.8274307250977
1922,33.5,15.4593054453532
1923,10.5,27.2515003204346
1923,11.5,27.6861717700958
1923,12.5,28.1370645002885
1923,13.5,28.4813369115194
1923,14.5,28.6466099132191
1923,15.5,28.6828298568726
1923,16.5,28.5744444529216
1923,17.5,28.0924998692104
1923,18.5,27.5873336791992
1923,19.5,26.7598958015442
1923,20.5,26.3557291030884
1923,21.5,25.3068452562605
1923,22.5,23.9071990119086
1923,23.5,23.4296294318305
1923,24.5,22.1034821101597
1923,25.5,20.6555206775665
1923,26.5,19.8439965681596
1923,27.5,19.0579374313354
1923,28.5,18.3077917098999
1923,29.5,17.8263429005941
1923,30.5,17.5975001198905
1923,31.5,17.0647919178009
1923,32.5,16.2208331425985
1923,33.5,15.9040276209513
1924,10.5,27.1820831298828
1924,11.5,27.6440362930298
1924,12.5,27.9560796564276
1924,13.5,28.1800867716471
1924,14.5,28.2512311068448
1924,15.5,28.2382119496663
1924,16.5,28.0195138719347
1924,17.5,27.4666669028146
1924,18.5,26.9409172058105
1924,19.5,26.1447396278381
1924,20.5,25.7608332633972
1924,21.5,24.7529168810163
1924,22.5,23.40657403734
1924,23.5,22.9767360687256
1924,24.5,21.7121729169573
1924,25.5,20.3076558113098
1924,26.5,19.5295645973899
1924,27.5,18.7642086029053
1924,28.5,18.023104095459
1924,29.5,17.553263982137
1924,30.5,17.3270533425467
1924,31.5,16.7385416030884
1924,32.5,15.8254168828328
1924,33.5,15.4545138676961
1925,10.5,27.4582492828369
1925,11.5,27.8657028675079
1925,12.5,28.2005304856734
1925,13.5,28.4386285146077
1925,14.5,28.5232762423429
1925,15.5,28.4998784065247
1925,16.5,28.3478705088298
1925,17.5,27.826904296875
1925,18.5,27.3067920684814
1925,19.5,26.4807815551758
1925,20.5,26.0918231010437
1925,21.5,25.0616967337472
1925,22.5,23.6978005303277
1925,23.5,23.2937270270454
1925,24.5,22.0593746730259
1925,25.5,20.6662497520447
1925,26.5,19.8946210687811
1925,27.5,19.1074371337891
1925,28.5,18.333145904541
1925,29.5,17.830323961046
1925,30.5,17.5897914341518
1925,31.5,17.0250775814056
1925,32.5,16.1842355728149
1925,33.5,15.9145135879517
1926,10.5,27.629666519165
1926,11.5,28.0807812213898
1926,12.5,28.3805871443315
1926,13.5,28.5454513231913
1926,14.5,28.5286742123691
1926,15.5,28.4549652735392
1926,16.5,28.2111807929145
1926,17.5,27.7207145690918
1926,18.5,27.3095001220703
1926,19.5,26.653489112854
1926,20.5,26.4206771850586
1926,21.5,25.5606844765799
1926,22.5,24.299953672621
1926,23.5,23.9414348602295
1926,24.5,22.7415474482945
1926,25.5,21.3332555294037
1926,26.5,20.5649811137806
1926,27.5,19.8218751907349
1926,28.5,19.0980209350586
1926,29.5,18.653981950548
1926,30.5,18.4486312866211
1926,31.5,17.9306511878967
1926,32.5,17.0927085876465
1926,33.5,16.786527633667
1927,10.5,27.3172920227051
1927,11.5,27.7904686927795
1927,12.5,28.1789203990589
1927,13.5,28.446857770284
1927,14.5,28.5396024530584
1927,15.5,28.5180207888285
1927,16.5,28.3227081298828
1927,17.5,27.8091068267822
1927,18.5,27.335083770752
1927,19.5,26.5783333778381
1927,20.5,26.2418236732483
1927,21.5,25.2577680860247
1927,22.5,23.9138658311632
1927,23.5,23.4960183037652
1927,24.5,22.2310717446463
1927,25.5,20.7850520610809
1927,26.5,19.9716096357866
1927,27.5,19.1823331832886
1927,28.5,18.3726877212524
1927,29.5,17.8684257931179
1927,30.5,17.6405356270926
1927,31.5,17.0603907108307
1927,32.5,16.2321523030599
1927,33.5,15.9323616027832
1928,10.5,27.4879577636719
1928,11.5,27.8862500190735
1928,12.5,28.2190338481556
1928,13.5,28.4854340553284
1928,14.5,28.625170621005
1928,15.5,28.6730556488037
1928,16.5,28.5757175021701
1928,17.5,28.124851499285
1928,18.5,27.6314582824707
1928,19.5,26.8195309638977
1928,20.5,26.4012503623962
1928,21.5,25.3459818703788
1928,22.5,23.9881248474121
1928,23.5,23.5411800808377
1928,24.5,22.2840178353446
1928,25.5,20.8297135829926
1928,26.5,19.9435227134011
1928,27.5,19.0933334350586
1928,28.5,18.2676250457764
1928,29.5,17.772013982137
1928,30.5,17.539463860648
1928,31.5,16.9915101528168
1928,32.5,16.1688890457153
1928,33.5,15.8737497329712
1929,10.5,27.3870414733887
1929,11.5,27.8028647899628
1929,12.5,28.140719500455
1929,13.5,28.3473264376322
1929,14.5,28.3846589868719
1929,15.5,28.3471527099609
1929,16.5,28.1414118872748
1929,17.5,27.6132139478411
1929,18.5,27.1249164581299
1929,19.5,26.3256249427795
1929,20.5,25.9539065361023
1929,21.5,24.925208227975
1929,22.5,23.5730094909668
1929,23.5,23.1943751441108
1929,24.5,21.9794643947056
1929,25.5,20.5995829105377
1929,26.5,19.817140232433
1929,27.5,19.0767501831055
1929,28.5,18.3333332061768
1929,29.5,17.8578243255615
1929,30.5,17.6662199837821
1929,31.5,17.1127862930298
1929,32.5,16.2925001780192
1929,33.5,15.991597811381
1930,10.5,27.8563751220703
1930,11.5,28.2050518989563
1930,12.5,28.4430684176358
1930,13.5,28.6155034701029
1930,14.5,28.6747159090909
1930,15.5,28.6980559031169
1930,16.5,28.5947452121311
1930,17.5,28.166964667184
1930,18.5,27.7288333892822
1930,19.5,26.9913024902344
1930,20.5,26.636146068573
1930,21.5,25.6772618974958
1930,22.5,24.3503704071045
1930,23.5,23.9500923156738
1930,24.5,22.7175295693534
1930,25.5,21.2967448234558
1930,26.5,20.5070268457586
1930,27.5,19.7489789962769
1930,28.5,18.9758335113525
1930,29.5,18.4834493001302
1930,30.5,18.2664879390172
1930,31.5,17.6429426670074
1930,32.5,16.8144442240397
1930,33.5,16.5015970865885
1931,10.5,27.833500289917
1931,11.5,28.201432466507
1931,12.5,28.4026893268932
1931,13.5,28.5304341316223
1931,14.5,28.5569886294278
1931,15.5,28.5299477577209
1931,16.5,28.3580093383789
1931,17.5,27.859226499285
1931,18.5,27.4099166870117
1931,19.5,26.6914587020874
1931,20.5,26.391562461853
1931,21.5,25.5275892530169
1931,22.5,24.3439581129286
1931,23.5,24.0634259117974
1931,24.5,22.9671426500593
1931,25.5,21.6421611309052
1931,26.5,20.8969509818337
1931,27.5,20.2135417938232
1931,28.5,19.4865211486816
1931,29.5,19.0510188208686
1931,30.5,18.9150597708566
1931,31.5,18.2441928386688
1931,32.5,17.4577083587646
1931,33.5,17.0612500508626
1932,10.5,27.7033752441406
1932,11.5,28.1345574855804
1932,12.5,28.4412122206254
1932,13.5,28.6805555025737
1932,14.5,28.7492042888295
1932,15.5,28.7222046852112
1932,16.5,28.4612269931369
1932,17.5,27.8744051797049
1932,18.5,27.3311664581299
1932,19.5,26.5230207443237
1932,20.5,26.1957287788391
1932,21.5,25.2392262050084
1932,22.5,23.8914349873861
1932,23.5,23.5162963867188
1932,24.5,22.2082440512521
1932,25.5,20.7020833492279
1932,26.5,19.7719506350431
1932,27.5,18.9080415725708
1932,28.5,18.0550416946411
1932,29.5,17.5678471459283
1932,30.5,17.3975001743862
1932,31.5,16.8393751382828
1932,32.5,16.1224308013916
1932,33.5,15.9050693511963
1933,10.5,27.2246669769287
1933,11.5,27.6610155105591
1933,12.5,28.0079734108665
1933,13.5,28.2630729675293
1933,14.5,28.3184089660645
1933,15.5,28.2638713518778
1933,16.5,27.9819208780924
1933,17.5,27.3941664014544
1933,18.5,26.8612087249756
1933,19.5,26.0059375762939
1933,20.5,25.5245313644409
1933,21.5,24.2838393620082
1933,22.5,22.6272917853461
1933,23.5,22.00037044949
1933,24.5,20.4819047110421
1933,25.5,18.9861981868744
1933,26.5,18.2621591741388
1933,27.5,17.5814584732056
1933,28.5,16.9647916793823
1933,29.5,16.6482639312744
1933,30.5,16.5675889423915
1933,31.5,16.1292186975479
1933,32.5,15.4109722773234
1933,33.5,15.2191667556763
1934,10.5,27.3534999847412
1934,11.5,27.8136715888977
1934,12.5,28.2091856869784
1934,13.5,28.4947398503621
1934,14.5,28.6114018180154
1934,15.5,28.6409203211466
1934,16.5,28.4774534437392
1934,17.5,27.9485419137137
1934,18.5,27.4126251220703
1934,19.5,26.5136976242065
1934,20.5,26.0520830154419
1934,21.5,24.8980358668736
1934,22.5,23.4804859161377
1934,23.5,23.0717364417182
1934,24.5,21.8533036368234
1934,25.5,20.5820310115814
1934,26.5,19.9532007737593
1934,27.5,19.3095001220703
1934,28.5,18.6953542709351
1934,29.5,18.3248149024116
1934,30.5,18.1865174429757
1934,31.5,17.6976823806763
1934,32.5,16.8612505594889
1934,33.5,16.5543746948242
1935,10.5,27.0986667633057
1935,11.5,27.5260417461395
1935,12.5,27.9123861139471
1935,13.5,28.2093056042989
1935,14.5,28.3579925190319
1935,15.5,28.3952258427938
1935,16.5,28.2991896735297
1935,17.5,27.8590777260917
1935,18.5,27.4040836334229
1935,19.5,26.6410417556763
1935,20.5,26.2121353149414
1935,21.5,25.1416664123535
1935,22.5,23.703310224745
1935,23.5,23.250763575236
1935,24.5,21.9796431405204
1935,25.5,20.5971875190735
1935,26.5,19.8561742955988
1935,27.5,19.1090000152588
1935,28.5,18.3661874771118
1935,29.5,17.9049074384901
1935,30.5,17.6836902073451
1935,31.5,17.1374998092651
1935,32.5,16.2772922515869
1935,33.5,15.9691670735677
1936,10.5,27.5503330230713
1936,11.5,27.970520734787
1936,12.5,28.2610605413263
1936,13.5,28.4640800158183
1936,14.5,28.5209090492942
1936,15.5,28.5290282567342
1936,16.5,28.3390744527181
1936,17.5,27.8355058942522
1936,18.5,27.3389167785645
1936,19.5,26.5603647232056
1936,20.5,26.1470832824707
1936,21.5,25.1932740892683
1936,22.5,23.9530787997776
1936,23.5,23.5163427988688
1936,24.5,22.2945240565709
1936,25.5,20.9274740219116
1936,26.5,20.1765717593106
1936,27.5,19.43268699646
1936,28.5,18.7592708587646
1936,29.5,18.3689810434977
1936,30.5,18.2268456050328
1936,31.5,17.7631771564484
1936,32.5,16.9518750508626
1936,33.5,16.6348616282145
1937,10.5,27.621875
1937,11.5,28.0983850955963
1937,12.5,28.4755677309903
1937,13.5,28.7460246086121
1937,14.5,28.8606251803311
1937,15.5,28.845364411672
1937,16.5,28.645763821072
1937,17.5,28.1246130807059
1937,18.5,27.6413333892822
1937,19.5,26.8398957252502
1937,20.5,26.4396347999573
1937,21.5,25.4008928026472
1937,22.5,24.0047221713596
1937,23.5,23.5201161702474
1937,24.5,22.1885713849749
1937,25.5,20.7110679149628
1937,26.5,19.8938447778875
1937,27.5,19.1086460113525
1937,28.5,18.3486249923706
1937,29.5,17.9012035793728
1937,30.5,17.7448215484619
1937,31.5,17.2415363788605
1937,32.5,16.4783331553141
1937,33.5,16.2420139312744
1938,10.5,27.0742076873779
1938,11.5,27.5892186164856
1938,12.5,28.0053787231445
1938,13.5,28.3191146850586
1938,14.5,28.4483521201394
1938,15.5,28.4854863484701
1938,16.5,28.3640973832872
1938,17.5,27.9433928898403
1938,18.5,27.5318752288818
1938,19.5,26.8626561164856
1938,20.5,26.5959897041321
1938,21.5,25.6651485988072
1938,22.5,24.3125921885173
1938,23.5,23.8130319383409
1938,24.5,22.472083227975
1938,25.5,20.9479167461395
1938,26.5,20.1263824809681
1938,27.5,19.3502500534058
1938,28.5,18.5970623016357
1938,29.5,18.1310416327582
1938,30.5,17.9458332061768
1938,31.5,17.4499740600586
1938,32.5,16.6804167429606
1938,33.5,16.4477774302165
1939,10.5,27.2953742980957
1939,11.5,27.7390627861023
1939,12.5,28.1511362249201
1939,13.5,28.4898958206177
1939,14.5,28.6272348924117
1939,15.5,28.6506943702698
1939,16.5,28.4447453816732
1939,17.5,27.9446432931083
1939,18.5,27.5030830383301
1939,19.5,26.7639064788818
1939,20.5,26.4273443222046
1939,21.5,25.4294043949672
1939,22.5,24.0929395887587
1939,23.5,23.6821528540717
1939,24.5,22.4462795257568
1939,25.5,21.0768487453461
1939,26.5,20.3529924912886
1939,27.5,19.6421669006348
1939,28.5,18.8878957748413
1939,29.5,18.4134489695231
1939,30.5,18.2221728733608
1939,31.5,17.590416431427
1939,32.5,16.7988192240397
1939,33.5,16.489444732666
1940,10.5,27.8268749237061
1940,11.5,28.2414584159851
1940,12.5,28.5155681263317
1940,13.5,28.6553993225098
1940,14.5,28.6635984940962
1940,15.5,28.6317359606425
1940,16.5,28.4758794572618
1940,17.5,28.020357131958
1940,18.5,27.5991668701172
1940,19.5,26.8998436927795
1940,20.5,26.5563015937805
1940,21.5,25.565922328404
1940,22.5,24.2442128923204
1940,23.5,23.7888887193468
1940,24.5,22.5449112483433
1940,25.5,21.1989583969116
1940,26.5,20.4883901422674
1940,27.5,19.7731460571289
1940,28.5,19.0643957138062
1940,29.5,18.6440043979221
1940,30.5,18.4567260742188
1940,31.5,17.9843492507935
1940,32.5,17.1868756612142
1940,33.5,16.9298617045085
1941,10.5,28.2705001831055
1941,11.5,28.6227083206177
1941,12.5,28.8654734871604
1941,13.5,29.0231943130493
1941,14.5,29.0274049585516
1941,15.5,28.9698092142741
1941,16.5,28.7248840332031
1941,17.5,28.2406845092773
1941,18.5,27.838166809082
1941,19.5,27.167603969574
1941,20.5,26.8961462974548
1941,21.5,25.9786605834961
1941,22.5,24.7021755642361
1941,23.5,24.2257177564833
1941,24.5,22.9427680969238
1941,25.5,21.5112760066986
1941,26.5,20.7605304718018
1941,27.5,20.0317081451416
1941,28.5,19.3182289123535
1941,29.5,18.8889355129666
1941,30.5,18.7360711778913
1941,31.5,18.3224482536316
1941,32.5,17.5435415903727
1941,33.5,17.3058331807454
1942,10.5,27.7327083587646
1942,11.5,28.2487239837646
1942,12.5,28.6364586570046
1942,13.5,28.9087155659993
1942,14.5,29.0013828277588
1942,15.5,28.9791663487752
1942,16.5,28.7914585537381
1942,17.5,28.2705655779157
1942,18.5,27.7747505187988
1942,19.5,27.0451040267944
1942,20.5,26.6720314025879
1942,21.5,25.7107742854527
1942,22.5,24.3503008948432
1942,23.5,23.7900462680393
1942,24.5,22.4344643184117
1942,25.5,20.9286715984344
1942,26.5,20.1143561276523
1942,27.5,19.3594375610352
1942,28.5,18.6364374160767
1942,29.5,18.2095370822483
1942,30.5,18.0101787022182
1942,31.5,17.5051302909851
1942,32.5,16.707986831665
1942,33.5,16.4783331553141
1943,10.5,27.374333190918
1943,11.5,27.7779948711395
1943,12.5,28.1273671930487
1943,13.5,28.4396351178487
1943,14.5,28.6268938237971
1943,15.5,28.7208159764608
1943,16.5,28.6252778371175
1943,17.5,28.1344645363944
1943,18.5,27.6655410766602
1943,19.5,26.9343752861023
1943,20.5,26.6965103149414
1943,21.5,25.864047731672
1943,22.5,24.6996760898166
1943,23.5,24.398032506307
1943,24.5,23.2236012050084
1943,25.5,21.7202863693237
1943,26.5,20.7967803261497
1943,27.5,19.9835414886475
1943,28.5,19.1522085189819
1943,29.5,18.6569215986464
1943,30.5,18.4344940185547
1943,31.5,17.8924739360809
1943,32.5,17.0837497711182
1943,33.5,16.8101387023926
1944,10.5,27.3375
1944,11.5,27.7397916316986
1944,12.5,28.0409469604492
1944,13.5,28.2569446563721
1944,14.5,28.314583344893
1944,15.5,28.2850344975789
1944,16.5,28.1366204155816
1944,17.5,27.6538690839495
1944,18.5,27.2010833740234
1944,19.5,26.4809894561768
1944,20.5,26.1934895515442
1944,21.5,25.3064289093018
1944,22.5,24.0122687021891
1944,23.5,23.5190277099609
1944,24.5,22.079761505127
1944,25.5,20.4591145515442
1944,26.5,19.5681819915771
1944,27.5,18.7115417480469
1944,28.5,17.9711666107178
1944,29.5,17.53444480896
1944,30.5,17.3554464067732
1944,31.5,16.9589321613312
1944,32.5,16.2354863484701
1944,33.5,16.1079168319702
1945,10.5,27.4972496032715
1945,11.5,27.9731771945953
1945,12.5,28.3849806352095
1945,13.5,28.684149424235
1945,14.5,28.765643900091
1945,15.5,28.7031599680583
1945,16.5,28.38918961419
1945,17.5,27.7888093675886
1945,18.5,27.2726249694824
1945,19.5,26.4757294654846
1945,20.5,26.1410942077637
1945,21.5,25.1259525844029
1945,22.5,23.7799538506402
1945,23.5,23.3497454325358
1945,24.5,22.0833034515381
1945,25.5,20.6572136878967
1945,26.5,19.8819505518133
1945,27.5,19.1503335952759
1945,28.5,18.3910207748413
1945,29.5,17.9159490797255
1945,30.5,17.676666532244
1945,31.5,17.1688280105591
1945,32.5,16.3724308013916
1945,33.5,16.1290280024211
1946,10.5,27.1972503662109
1946,11.5,27.6536719799042
1946,12.5,28.1099057631059
1946,13.5,28.4920310974121
1946,14.5,28.6979923248291
1946,15.5,28.7433331807454
1946,16.5,28.5698377821181
1946,17.5,28.0443156106131
1946,18.5,27.5375835418701
1946,19.5,26.7101039886475
1946,20.5,26.3362498283386
1946,21.5,25.3003869737898
1946,22.5,23.9479397667779
1946,23.5,23.4997685750326
1946,24.5,22.1719049726214
1946,25.5,20.7029948234558
1946,26.5,19.9100946946578
1946,27.5,19.1622081756592
1946,28.5,18.415604019165
1946,29.5,17.9782638549805
1946,30.5,17.818601335798
1946,31.5,17.3037760257721
1946,32.5,16.5822219848633
1946,33.5,16.3460413614909
1947,10.5,27.4509582519531
1947,11.5,27.8866667747498
1947,12.5,28.2308143268932
1947,13.5,28.4633506139119
1947,14.5,28.5249623385343
1947,15.5,28.4661631584167
1947,16.5,28.1769676208496
1947,17.5,27.5414284297398
1947,18.5,26.9480834960938
1947,19.5,26.0750002861023
1947,20.5,25.6644792556763
1947,21.5,24.6302678244455
1947,22.5,23.2925927903917
1947,23.5,22.887916776869
1947,24.5,21.6594349997384
1947,25.5,20.3174479007721
1947,26.5,19.6235606453635
1947,27.5,18.9294372558594
1947,28.5,18.2713125228882
1947,29.5,17.9243286980523
1947,30.5,17.8429467337472
1947,31.5,17.4880728721619
1947,32.5,16.7740968068441
1947,33.5,16.539722442627
1948,10.5,27.6143745422363
1948,11.5,28.0083332061768
1948,12.5,28.3289583379572
1948,13.5,28.5914929707845
1948,14.5,28.7461932789196
1948,15.5,28.8241144816081
1948,16.5,28.7603471544054
1948,17.5,28.3287800380162
1948,18.5,27.8739166259766
1948,19.5,27.0372915267944
1948,20.5,26.6039581298828
1948,21.5,25.4159521375384
1948,22.5,23.8716668023003
1948,23.5,23.3203474680583
1948,24.5,21.9310414450509
1948,25.5,20.4216668605804
1948,26.5,19.5856439417059
1948,27.5,18.769041633606
1948,28.5,17.9887289047241
1948,29.5,17.4933795928955
1948,30.5,17.2575890677316
1948,31.5,16.8134112358093
1948,32.5,15.9838886260986
1948,33.5,15.7354863484701
1949,10.5,27.3365001678467
1949,11.5,27.8659896850586
1949,12.5,28.3495455655185
1949,13.5,28.7060418128967
1949,14.5,28.823598168113
1949,15.5,28.7869790395101
1949,16.5,28.5580787658691
1949,17.5,28.0164585113525
1949,18.5,27.4925834655762
1949,19.5,26.6528644561768
1949,20.5,26.2034893035889
1949,21.5,25.006101335798
1949,22.5,23.4411341349284
1949,23.5,22.8862039777968
1949,24.5,21.4834226880755
1949,25.5,20.040078163147
1949,26.5,19.3246590007435
1949,27.5,18.6419586181641
1949,28.5,17.9735834121704
1949,29.5,17.5751387278239
1949,30.5,17.4247918810163
1949,31.5,16.9427599906921
1949,32.5,16.1766665776571
1949,33.5,15.9320141474406
1950,10.5,26.8965412139893
1950,11.5,27.4768490791321
1950,12.5,28.0345836986195
1950,13.5,28.4752607345581
1950,14.5,28.6439389315518
1950,15.5,28.6336108843486
1950,16.5,28.3861573537191
1950,17.5,27.8428870609828
1950,18.5,27.3816665649414
1950,19.5,26.6567182540894
1950,20.5,26.3725519180298
1950,21.5,25.3337503160749
1950,22.5,23.81287044949
1950,23.5,23.2155558268229
1950,24.5,21.6814286368234
1950,25.5,20.0702605247498
1950,26.5,19.2736174843528
1950,27.5,18.5277292251587
1950,28.5,17.8799373626709
1950,29.5,17.5300924513075
1950,30.5,17.3736607687814
1950,31.5,16.9214842319489
1950,32.5,16.0602089564006
1950,33.5,15.7891664505005
1951,10.5,27.738708114624
1951,11.5,28.1136980056763
1951,12.5,28.3786742470481
1951,13.5,28.5825695991516
1951,14.5,28.6275567141446
1951,15.5,28.6164933840434
1951,16.5,28.3851157294379
1951,17.5,27.8713983808245
1951,18.5,27.4095413208008
1951,19.5,26.7001042366028
1951,20.5,26.4417185783386
1951,21.5,25.5365175519671
1951,22.5,24.2337960137261
1951,23.5,23.8256248897976
1951,24.5,22.5071427481515
1951,25.5,20.9791922569275
1951,26.5,20.0705301111395
1951,27.5,19.2247499465942
1951,28.5,18.355083656311
1951,29.5,17.8133561876085
1951,30.5,17.562440599714
1951,31.5,17.0546092987061
1951,32.5,16.2701384226481
1951,33.5,16.0296529134115
1952,10.5,27.800541305542
1952,11.5,28.2371094226837
1952,12.5,28.5653412558816
1952,13.5,28.8023088773092
1952,14.5,28.8705113150857
1952,15.5,28.8278822898865
1952,16.5,28.5965277353923
1952,17.5,28.0770239148821
1952,18.5,27.5891250610352
1952,19.5,26.8778128623962
1952,20.5,26.58744764328
1952,21.5,25.6658036368234
1952,22.5,24.3397685156928
1952,23.5,23.8645600212945
1952,24.5,22.4430359431676
1952,25.5,20.7877080440521
1952,26.5,19.8088637265292
1952,27.5,18.8880832672119
1952,28.5,18.040333366394
1952,29.5,17.5331713358561
1952,30.5,17.3224111284528
1952,31.5,16.8526821136475
1952,32.5,16.098264058431
1952,33.5,15.8799308141073
1953,10.5,27.9713748931885
1953,11.5,28.3545832633972
1953,12.5,28.6510796980424
1953,13.5,28.8895134925842
1953,14.5,28.9931250485507
1953,15.5,29.0074823697408
1953,16.5,28.8369676801893
1953,17.5,28.305029460362
1953,18.5,27.8196250915527
1953,19.5,27.0143227577209
1953,20.5,26.6767711639404
1953,21.5,25.6208629608154
1953,22.5,24.141759024726
1953,23.5,23.6407178243001
1953,24.5,22.1659818376814
1953,25.5,20.515077829361
1953,26.5,19.5860985842618
1953,27.5,18.7781248092651
1953,28.5,18.0187915802002
1953,29.5,17.5855558183458
1953,30.5,17.4227382114955
1953,31.5,16.965390920639
1953,32.5,16.1730556488037
1953,33.5,15.8986810048421
1954,10.5,27.335916519165
1954,11.5,27.8847396373749
1954,12.5,28.3340150659735
1954,13.5,28.6161802609762
1954,14.5,28.7207764712247
1954,15.5,28.7132986386617
1954,16.5,28.5560184054905
1954,17.5,28.0968750544957
1954,18.5,27.6708335876465
1954,19.5,26.9318752288818
1954,20.5,26.5590100288391
1954,21.5,25.4590181623186
1954,22.5,23.9301855299208
1954,23.5,23.3850233289931
1954,24.5,21.9793153490339
1954,25.5,20.4842188358307
1954,26.5,19.7100946252996
1954,27.5,18.9832294464111
1954,28.5,18.2580001831055
1954,29.5,17.8503473069933
1954,30.5,17.6949699946812
1954,31.5,17.2328383922577
1954,32.5,16.4731248219808
1954,33.5,16.2115971247355
1955,10.5,27.2783748626709
1955,11.5,27.7795312404633
1955,12.5,28.1979165510698
1955,13.5,28.452187538147
1955,14.5,28.4709847190163
1955,15.5,28.322986125946
1955,16.5,27.9110647837321
1955,17.5,27.2323216029576
1955,18.5,26.6805416107178
1955,19.5,25.8842706680298
1955,20.5,25.5523958206177
1955,21.5,24.4772322518485
1955,22.5,22.991273244222
1955,23.5,22.4756480322944
1955,24.5,21.0728566305978
1955,25.5,19.6126306056976
1955,26.5,18.9056249098344
1955,27.5,18.2623334884644
1955,28.5,17.6494581222534
1955,29.5,17.3175226847331
1955,30.5,17.2088988167899
1955,31.5,16.6694009304047
1955,32.5,15.8922917048136
1955,33.5,15.5874999364217
1956,10.5,27.5063747406006
1956,11.5,27.9336457252502
1956,12.5,28.2883524461226
1956,13.5,28.5584373474121
1956,14.5,28.6441476995295
1956,15.5,28.6203474998474
1956,16.5,28.3655094570584
1956,17.5,27.8494644165039
1956,18.5,27.4313331604004
1956,19.5,26.7229170799255
1956,20.5,26.5217704772949
1956,21.5,25.593839100429
1956,22.5,24.2465506659614
1956,23.5,23.8587265014648
1956,24.5,22.5034820011684
1956,25.5,20.9251561164856
1956,26.5,19.9673676924272
1956,27.5,19.093770980835
1956,28.5,18.2229167938232
1956,29.5,17.6758562723796
1956,30.5,17.3861607142857
1956,31.5,16.7992187738419
1956,32.5,15.9336112340291
1956,33.5,15.6542364756266
1957,10.5,28.3082080841064
1957,11.5,28.6486196517944
1957,12.5,28.9053599617698
1957,13.5,29.1130207379659
1957,14.5,29.1837120056152
1957,15.5,29.1679862340291
1957,16.5,28.9689350128174
1957,17.5,28.4798810141427
1957,18.5,28.0312915802002
1957,19.5,27.2835416793823
1957,20.5,26.9653129577637
1957,21.5,25.9860717228481
1957,22.5,24.6436807844374
1957,23.5,24.2647914886475
1957,24.5,23.0041070665632
1957,25.5,21.5461454391479
1957,26.5,20.7020265405828
1957,27.5,19.9139375686646
1957,28.5,19.1003545761108
1957,29.5,18.6289579603407
1957,30.5,18.4418751852853
1957,31.5,17.9117448329926
1957,32.5,17.1483338673909
1957,33.5,16.8797225952148
1958,10.5,28.4566665649414
1958,11.5,28.832968711853
1958,12.5,29.0679357702082
1958,13.5,29.215833346049
1958,14.5,29.2190908952193
1958,15.5,29.1655383110046
1958,16.5,28.9525924258762
1958,17.5,28.5017855507987
1958,18.5,28.1344165802002
1958,19.5,27.5458850860596
1958,20.5,27.4035935401917
1958,21.5,26.6416661398751
1958,22.5,25.500763575236
1958,23.5,25.2190509372287
1958,24.5,24.0286009652274
1958,25.5,22.529844045639
1958,26.5,21.5839772657915
1958,27.5,20.7245208740234
1958,28.5,19.8688749313354
1958,29.5,19.3553704155816
1958,30.5,19.1524701799665
1958,31.5,18.6555986404419
1958,32.5,17.9109725952148
1958,33.5,17.6540279388428
1959,10.5,28.0115417480469
1959,11.5,28.4307811260223
1959,12.5,28.7951134768399
1959,13.5,29.1161112785339
1959,14.5,29.292234767567
1959,15.5,29.3527081807454
1959,16.5,29.2462270524767
1959,17.5,28.7972913469587
1959,18.5,28.3550415039062
1959,19.5,27.6315102577209
1959,20.5,27.3148436546326
1959,21.5,26.4402381352016
1959,22.5,25.2280555301242
1959,23.5,24.8685419294569
1959,24.5,23.6852084568569
1959,25.5,22.237161397934
1959,26.5,21.3214395696467
1959,27.5,20.4898956298828
1959,28.5,19.6438957214355
1959,29.5,19.1870598263211
1959,30.5,19.0505063193185
1959,31.5,18.4421615600586
1959,32.5,17.744930267334
1959,33.5,17.4728476206462
1960,10.5,27.7614162445068
1960,11.5,28.2476561069489
1960,12.5,28.5798296494917
1960,13.5,28.7925173441569
1960,14.5,28.8215340701017
1960,15.5,28.7599131266276
1960,16.5,28.4347455766466
1960,17.5,27.8362503051758
1960,18.5,27.3133331298828
1960,19.5,26.5171871185303
1960,20.5,26.2064580917358
1960,21.5,25.2513095310756
1960,22.5,23.9764120313856
1960,23.5,23.6078703138563
1960,24.5,22.4174107142857
1960,25.5,21.0302600860596
1960,26.5,20.2346019744873
1960,27.5,19.4573543548584
1960,28.5,18.6766666412354
1960,29.5,18.2237271202935
1960,30.5,18.0604169028146
1960,31.5,17.5034894943237
1960,32.5,16.7584031422933
1960,33.5,16.4696528116862
1961,10.5,27.8476253509521
1961,11.5,28.2995312213898
1961,12.5,28.6231061762029
1961,13.5,28.8318227132161
1961,14.5,28.8569507598877
1961,15.5,28.810763835907
1961,16.5,28.5700923071967
1961,17.5,28.063839503697
1961,18.5,27.6335418701172
1961,19.5,26.9250521659851
1961,20.5,26.6357293128967
1961,21.5,25.628303527832
1961,22.5,24.188587612576
1961,23.5,23.6850463019477
1961,24.5,22.2785418374198
1961,25.5,20.7261981964111
1961,26.5,19.9002839868719
1961,27.5,19.1158123016357
1961,28.5,18.3791040420532
1961,29.5,17.9494213528103
1961,30.5,17.7687200818743
1961,31.5,17.3130466938019
1961,32.5,16.547638575236
1961,33.5,16.3065970738729
1962,10.5,27.6427917480469
1962,11.5,28.1584894657135
1962,12.5,28.5674809542569
1962,13.5,28.8417536417643
1962,14.5,28.8972726301713
1962,15.5,28.8320485750834
1962,16.5,28.5123608907064
1962,17.5,27.9469645363944
1962,18.5,27.4625003814697
1962,19.5,26.7043228149414
1962,20.5,26.4130210876465
1962,21.5,25.4132142748152
1962,22.5,23.9865277608236
1962,23.5,23.5796529981825
1962,24.5,22.2142857142857
1962,25.5,20.6502602100372
1962,26.5,19.7336741360751
1962,27.5,18.8653959274292
1962,28.5,17.9928331375122
1962,29.5,17.4525697496202
1962,30.5,17.1935116904122
1962,31.5,16.7118748426437
1962,32.5,15.925347328186
1962,33.5,15.6887502670288
1963,10.5,27.9077499389648
1963,11.5,28.3501300811768
1963,12.5,28.703125
1963,13.5,28.9474306106567
1963,14.5,29.0093179182573
1963,15.5,28.9772742589315
1963,16.5,28.7506946987576
1963,17.5,28.2562800816127
1963,18.5,27.828332901001
1963,19.5,27.1486978530884
1963,20.5,26.9158854484558
1963,21.5,26.0246723720006
1963,22.5,24.6991204155816
1963,23.5,24.3234028286404
1963,24.5,22.9853570120675
1963,25.5,21.4209113121033
1963,26.5,20.5283140702681
1963,27.5,19.759354019165
1963,28.5,19.0010417938232
1963,29.5,18.5735649532742
1963,30.5,18.3878274645124
1963,31.5,17.8674478530884
1963,32.5,17.0870138804118
1963,33.5,16.797430674235
1964,10.5,27.5360000610352
1964,11.5,28.0339062213898
1964,12.5,28.4185038479892
1964,13.5,28.673298517863
1964,14.5,28.7158896706321
1964,15.5,28.6438194910685
1964,16.5,28.3337266710069
1964,17.5,27.7345534733364
1964,18.5,27.1857917785645
1964,19.5,26.3349475860596
1964,20.5,25.9700522422791
1964,21.5,24.9180951799665
1964,22.5,23.532500161065
1964,23.5,23.1439812978109
1964,24.5,21.8750299726214
1964,25.5,20.4285156726837
1964,26.5,19.627329566262
1964,27.5,18.8461668014526
1964,28.5,18.0777917861938
1964,29.5,17.6184260050456
1964,30.5,17.4166368756975
1964,31.5,16.9426820278168
1964,32.5,16.1606248219808
1964,33.5,15.8941666285197
1965,10.5,27.816625213623
1965,11.5,28.1712763309479
1965,12.5,28.4538071372292
1965,13.5,28.6882638931274
1965,14.5,28.763219833374
1965,15.5,28.7530032793681
1965,16.5,28.5094672309028
1965,17.5,27.9417258671352
1965,18.5,27.459708404541
1965,19.5,26.6732292175293
1965,20.5,26.3927083015442
1965,21.5,25.423184803554
1965,22.5,24.102083630032
1965,23.5,23.789467493693
1965,24.5,22.585565839495
1965,25.5,21.1389064788818
1965,26.5,20.2485987923362
1965,27.5,19.4334167480469
1965,28.5,18.544104385376
1965,29.5,18.003634346856
1965,30.5,17.7804167611258
1965,31.5,17.2562243938446
1965,32.5,16.5352776845296
1965,33.5,16.3372217814128
1966,10.5,27.6390830993652
1966,11.5,28.0887236595154
1966,12.5,28.4571970159357
1966,13.5,28.7561113039653
1966,14.5,28.8754922693426
1966,15.5,28.8662150700887
1966,16.5,28.6156944698758
1966,17.5,28.0386902945382
1966,18.5,27.5389999389648
1966,19.5,26.7815623283386
1966,20.5,26.4788541793823
1966,21.5,25.4941073826381
1966,22.5,24.155740737915
1966,23.5,23.7508794996474
1966,24.5,22.5016070774623
1966,25.5,21.0734894275665
1966,26.5,20.2146970575506
1966,27.5,19.3983335494995
1966,28.5,18.5626873016357
1966,29.5,18.077245288425
1966,30.5,17.9112202780587
1966,31.5,17.3729689121246
1966,32.5,16.6932633717855
1966,33.5,16.4629859924316
1967,10.5,27.3
1967,11.5,27.827109336853
1967,12.5,28.2692425467751
1967,13.5,28.5651389757792
1967,14.5,28.6499052914706
1967,15.5,28.6183333396912
1967,16.5,28.4052081637912
1967,17.5,27.8578570229667
1967,18.5,27.3654998779297
1967,19.5,26.5755724906921
1967,20.5,26.2495832443237
1967,21.5,25.2662200927734
1967,22.5,23.9364121754964
1967,23.5,23.5418287913005
1967,24.5,22.278452192034
1967,25.5,20.8757293224335
1967,26.5,20.1355680985884
1967,27.5,19.4123125076294
1967,28.5,18.677770614624
1967,29.5,18.2699307335748
1967,30.5,18.1248809269496
1967,31.5,17.618020772934
1967,32.5,16.8586807250977
1967,33.5,16.5846525828044
1968,10.5,27.2895832061768
1968,11.5,27.740859746933
1968,12.5,28.1001704822887
1968,13.5,28.3622220357259
1968,14.5,28.4422916065563
1968,15.5,28.4294273058573
1968,16.5,28.1902311113146
1968,17.5,27.6076191493443
1968,18.5,27.124333190918
1968,19.5,26.4143228530884
1968,20.5,26.1736454963684
1968,21.5,25.2966965266636
1968,22.5,24.021065182156
1968,23.5,23.6207866668701
1968,24.5,22.3449110303606
1968,25.5,20.9065361022949
1968,26.5,20.14539753307
1968,27.5,19.371604347229
1968,28.5,18.6617294311523
1968,29.5,18.2627775404188
1968,30.5,18.1077679225377
1968,31.5,17.6196875572205
1968,32.5,16.7965278625488
1968,33.5,16.4221522013346
1969,10.5,28.3770416259766
1969,11.5,28.7007291316986
1969,12.5,28.8696968772195
1969,13.5,28.9681250254313
1969,14.5,28.9185605482622
1969,15.5,28.824270884196
1969,16.5,28.5111575656467
1969,17.5,27.8795536586217
1969,18.5,27.3712917327881
1969,19.5,26.5598440170288
1969,20.5,26.2667188644409
1969,21.5,25.2737500326974
1969,22.5,23.9511345757378
1969,23.5,23.6083797878689
1969,24.5,22.3290179116385
1969,25.5,20.8399999141693
1969,26.5,19.9585607702082
1969,27.5,19.1027917861938
1969,28.5,18.2722497940063
1969,29.5,17.8237959543864
1969,30.5,17.6851190839495
1969,31.5,17.2030727863312
1969,32.5,16.5123608907064
1969,33.5,16.3282642364502
1970,10.5,27.4998752593994
1970,11.5,27.9704689979553
1970,12.5,28.3044504685835
1970,13.5,28.5351909001668
1970,14.5,28.5796021548184
1970,15.5,28.5303646723429
1970,16.5,28.265115737915
1970,17.5,27.6763692583357
1970,18.5,27.1760837554932
1970,19.5,26.4364061355591
1970,20.5,26.1282811164856
1970,21.5,25.1796128409249
1970,22.5,23.8707642025418
1970,23.5,23.4728471967909
1970,24.5,22.1451187133789
1970,25.5,20.6624224185944
1970,26.5,19.837386044589
1970,27.5,19.0685205459595
1970,28.5,18.3097917556763
1970,29.5,17.9022687276204
1970,30.5,17.7459820338658
1970,31.5,17.2824478149414
1970,32.5,16.4748605092367
1970,33.5,16.1619450251261
1971,10.5,27.1404582977295
1971,11.5,27.6663541793823
1971,12.5,28.0665153156627
1971,13.5,28.356510480245
1971,14.5,28.4152844168923
1971,15.5,28.3342014948527
1971,16.5,27.9752315945095
1971,17.5,27.2920831952776
1971,18.5,26.7665416717529
1971,19.5,25.9695839881897
1971,20.5,25.7032289505005
1971,21.5,24.7826189313616
1971,22.5,23.4961571163601
1971,23.5,23.1986344655355
1971,24.5,21.9232139587402
1971,25.5,20.4054687023163
1971,26.5,19.5410225608132
1971,27.5,18.7475625991821
1971,28.5,17.9151042938232
1971,29.5,17.4620365566678
1971,30.5,17.2662200927734
1971,31.5,16.6914582252502
1971,32.5,15.8667360941569
1971,33.5,15.563055674235
1972,10.5,28.0404582977295
1972,11.5,28.4247395992279
1972,12.5,28.7176704406738
1972,13.5,28.9526734352112
1972,14.5,29.0461365092884
1972,15.5,29.0473610560099
1972,16.5,28.8597914377848
1972,17.5,28.3532739366804
1972,18.5,27.9517082214355
1972,19.5,27.2230205535889
1972,20.5,26.9928126335144
1972,21.5,26.0195832933698
1972,22.5,24.618611017863
1972,23.5,24.2589121924506
1972,24.5,22.8686310904367
1972,25.5,21.2245049476624
1972,26.5,20.2312880429355
1972,27.5,19.3821666717529
1972,28.5,18.5110626220703
1972,29.5,18.0409492916531
1972,30.5,17.8800593784877
1972,31.5,17.2911195755005
1972,32.5,16.5361804962158
1972,33.5,16.2970835367839
1973,10.5,27.6343334197998
1973,11.5,28.08127617836
1973,12.5,28.4025381261652
1973,13.5,28.6225865681966
1973,14.5,28.6757384213534
1973,15.5,28.6286805470784
1973,16.5,28.3562494913737
1973,17.5,27.7464580535889
1973,18.5,27.2000415802002
1973,19.5,26.3520827293396
1973,20.5,25.9761457443237
1973,21.5,24.902946472168
1973,22.5,23.4777548048231
1973,23.5,23.0509952969021
1973,24.5,21.7180355616978
1973,25.5,20.250833272934
1973,26.5,19.4901705655185
1973,27.5,18.716916847229
1973,28.5,17.9680000305176
1973,29.5,17.5098612043593
1973,30.5,17.2912502288818
1973,31.5,16.7828645706177
1973,32.5,15.9329856236776
1973,33.5,15.6511112848918
1974,10.5,27.2665416717529
1974,11.5,27.7377343177795
1974,12.5,28.1275759610263
1974,13.5,28.4313890139262
1974,14.5,28.5443940596147
1974,15.5,28.5188714663188
1974,16.5,28.3039582570394
1974,17.5,27.724821635655
1974,18.5,27.1934162139893
1974,19.5,26.3878121376038
1974,20.5,26.0333333015442
1974,21.5,25.0534523555211
1974,22.5,23.6705786387126
1974,23.5,23.2474998897976
1974,24.5,21.8972917284284
1974,25.5,20.368880033493
1974,26.5,19.5683522657915
1974,27.5,18.8031044006348
1974,28.5,18.040020942688
1974,29.5,17.5730090671115
1974,30.5,17.3590180533273
1974,31.5,16.8076564073563
1974,32.5,15.9268751144409
1974,33.5,15.6447919209798
1975,10.5,27.0398334503174
1975,11.5,27.5789320468903
1975,12.5,28.0393184315075
1975,13.5,28.3465625445048
1975,14.5,28.423863844438
1975,15.5,28.3532988230387
1975,16.5,28.0132639143202
1975,17.5,27.3512499673026
1975,18.5,26.7938335418701
1975,19.5,25.9367189407349
1975,20.5,25.6305727958679
1975,21.5,24.632619040353
1975,22.5,23.2480788760715
1975,23.5,22.8152084350586
1975,24.5,21.4351784842355
1975,25.5,19.8876819610596
1975,26.5,19.0396971269087
1975,27.5,18.227458190918
1975,28.5,17.4506458282471
1975,29.5,16.972199122111
1975,30.5,16.7811606270926
1975,31.5,16.2596873044968
1975,32.5,15.4161802927653
1975,33.5,15.185139020284
1976,10.5,27.4594581604004
1976,11.5,27.8296613693237
1976,12.5,28.1257197640159
1976,13.5,28.3812500635783
1976,14.5,28.4936363913796
1976,15.5,28.5154860814412
1976,16.5,28.3708566029867
1976,17.5,27.8692259107317
1976,18.5,27.3994171142578
1976,19.5,26.6584897041321
1976,20.5,26.356041431427
1976,21.5,25.4156543186733
1976,22.5,24.1080324384901
1976,23.5,23.7918985154894
1976,24.5,22.5839876447405
1976,25.5,21.131875038147
1976,26.5,20.2685793096369
1976,27.5,19.5155838012695
1976,28.5,18.7093126296997
1976,29.5,18.2653935750326
1976,30.5,18.1317558288574
1976,31.5,17.5135419368744
1976,32.5,16.8011805216471
1976,33.5,16.5676390329997
1977,10.5,27.6643333435059
1977,11.5,28.12033867836
1977,12.5,28.4588635184548
1977,13.5,28.6971352895101
1977,14.5,28.7832197709517
1977,15.5,28.7938367525737
1977,16.5,28.6314351823595
1977,17.5,28.1349408285958
1977,18.5,27.6878330230713
1977,19.5,26.9653124809265
1977,20.5,26.7020316123962
1977,21.5,25.7858330862863
1977,22.5,24.4909258948432
1977,23.5,24.1283098856608
1977,24.5,22.8692855834961
1977,25.5,21.3873436450958
1977,26.5,20.5033900521018
1977,27.5,19.6810832977295
1977,28.5,18.8361873626709
1977,29.5,18.3431714375814
1977,30.5,18.1414285387312
1977,31.5,17.5656764507294
1977,32.5,16.7793750762939
1977,33.5,16.5003477732341
1978,10.5,27.5627498626709
1978,11.5,28.0136981010437
1978,12.5,28.3363446322354
1978,13.5,28.5452604293823
1978,14.5,28.5924618460915
1978,15.5,28.5795831680298
1978,16.5,28.411319732666
1978,17.5,27.9534228188651
1978,18.5,27.5281669616699
1978,19.5,26.8205208778381
1978,20.5,26.5071358680725
1978,21.5,25.5860116141183
1978,22.5,24.3376388549805
1978,23.5,23.9586802588569
1978,24.5,22.7799998692104
1978,25.5,21.3820316791534
1978,26.5,20.5493370402943
1978,27.5,19.7281667709351
1978,28.5,18.9028957366943
1978,29.5,18.4029401143392
1978,30.5,18.1833929334368
1978,31.5,17.6485936641693
1978,32.5,16.8480555216471
1978,33.5,16.5713888804118
1979,10.5,27.6907913208008
1979,11.5,28.0757291316986
1979,12.5,28.3377460132946
1979,13.5,28.5212324460347
1979,14.5,28.5573674982244
1979,15.5,28.5046006838481
1979,16.5,28.2203472985162
1979,17.5,27.5994938441685
1979,18.5,27.0230003356934
1979,19.5,26.1605725288391
1979,20.5,25.7395834922791
1979,21.5,24.75803565979
1979,22.5,23.4893983205159
1979,23.5,23.1184950934516
1979,24.5,21.9732739584787
1979,25.5,20.6880209445953
1979,26.5,19.9988070401278
1979,27.5,19.3024374008179
1979,28.5,18.6291042327881
1979,29.5,18.2438888549805
1979,30.5,18.0893451145717
1979,31.5,17.6070313453674
1979,32.5,16.7710418701172
1979,33.5,16.4512500762939
1980,10.5,27.7165000915527
1980,11.5,28.1127343177795
1980,12.5,28.4127271825617
1980,13.5,28.6345831553141
1980,14.5,28.7042423595082
1980,15.5,28.6857465108236
1980,16.5,28.4222916497125
1980,17.5,27.8413096836635
1980,18.5,27.3549999237061
1980,19.5,26.6157288551331
1980,20.5,26.331823348999
1980,21.5,25.4506250108991
1980,22.5,24.2254394955105
1980,23.5,23.8335183461507
1980,24.5,22.6405950273786
1980,25.5,21.2746617794037
1980,26.5,20.4834090146151
1980,27.5,19.6629583358765
1980,28.5,18.890916633606
1980,29.5,18.4051621754964
1980,30.5,18.1706548418318
1980,31.5,17.6384375095367
1980,32.5,16.7768751780192
1980,33.5,16.4334023793538
1981,10.5,27.4406665802002
1981,11.5,27.8952085971832
1981,12.5,28.2045454545455
1981,13.5,28.395902633667
1981,14.5,28.4035415649414
1981,15.5,28.328749815623
1981,16.5,28.0409490797255
1981,17.5,27.4732140132359
1981,18.5,26.9754169464111
1981,19.5,26.2857809066772
1981,20.5,25.9995317459106
1981,21.5,25.2487498692104
1981,22.5,24.1854627397325
1981,23.5,23.866782506307
1981,24.5,22.8035420009068
1981,25.5,21.5111458301544
1981,26.5,20.7369698611173
1981,27.5,19.9820625305176
1981,28.5,19.1919162750244
1981,29.5,18.6952315436469
1981,30.5,18.4293746948242
1981,31.5,17.7126040458679
1981,32.5,16.8215967814128
1981,33.5,16.4253470102946
1982,10.5,28.0481662750244
1982,11.5,28.3653650283813
1982,12.5,28.5926515405828
1982,13.5,28.7774132092794
1982,14.5,28.8488450483842
1982,15.5,28.8552260398865
1982,16.5,28.6583330366347
1982,17.5,28.1673812866211
1982,18.5,27.7415420532227
1982,19.5,27.0270314216614
1982,20.5,26.7403125762939
1982,21.5,25.814434323992
1982,22.5,24.5046062469482
1982,23.5,24.0598610772027
1982,24.5,22.7737800053188
1982,25.5,21.2732293605804
1982,26.5,20.3688637126576
1982,27.5,19.572166633606
1982,28.5,18.7700206756592
1982,29.5,18.2905553181966
1982,30.5,18.080059323992
1982,31.5,17.4778904914856
1982,32.5,16.7224998474121
1982,33.5,16.4617360432943
1983,10.5,28.845666885376
1983,11.5,29.0684115886688
1983,12.5,29.1033141396262
1983,13.5,29.0573956171672
1983,14.5,28.91049229015
1983,15.5,28.8081425031026
1983,16.5,28.5118980407715
1983,17.5,28.0977082933698
1983,18.5,27.8295417785645
1983,19.5,27.3260941505432
1983,20.5,27.2517189979553
1983,21.5,26.5729165758405
1983,22.5,25.5138426886665
1983,23.5,25.3163888719347
1983,24.5,24.1767559051514
1983,25.5,22.6713805198669
1983,26.5,21.6542235287753
1983,27.5,20.7547706604004
1983,28.5,19.7857500076294
1983,29.5,19.1988652547201
1983,30.5,18.9470833369664
1983,31.5,18.3254427909851
1983,32.5,17.6643053690592
1983,33.5,17.52694384257
1984,10.5,27.5312496185303
1984,11.5,27.9626042842865
1984,12.5,28.2585034803911
1984,13.5,28.4627083142598
1984,14.5,28.5237499583851
1984,15.5,28.5312501589457
1984,16.5,28.3751623365614
1984,17.5,27.9384226117815
1984,18.5,27.5140827178955
1984,19.5,26.8321876525879
1984,20.5,26.5583333969116
1984,21.5,25.7322622026716
1984,22.5,24.5682873196072
1984,23.5,24.239143371582
1984,24.5,23.0680353982108
1984,25.5,21.6422138214111
1984,26.5,20.7849620472301
1984,27.5,19.977313041687
1984,28.5,19.1541666030884
1984,29.5,18.7023148006863
1984,30.5,18.5603569575718
1984,31.5,17.9578905105591
1984,32.5,17.2227770487467
1984,33.5,16.9241663614909
1985,10.5,27.1660831451416
1985,11.5,27.7463018894196
1985,12.5,28.2119128487327
1985,13.5,28.4993577003479
1985,14.5,28.5333520715887
1985,15.5,28.4101214408875
1985,16.5,28.0588658650716
1985,17.5,27.4659821646554
1985,18.5,26.9361671447754
1985,19.5,26.2035422325134
1985,20.5,25.8736457824707
1985,21.5,25.0413093566895
1985,22.5,23.8906478881836
1985,23.5,23.4830790625678
1985,24.5,22.3144942692348
1985,25.5,20.9416923522949
1985,26.5,20.1645070856268
1985,27.5,19.3581253051758
1985,28.5,18.6048336029053
1985,29.5,18.1298145718045
1985,30.5,17.8930358886719
1985,31.5,17.3168230056763
1985,32.5,16.4706249237061
1985,33.5,16.165833791097
1986,10.5,27.4929580688477
1986,11.5,27.9319009780884
1986,12.5,28.2688068043102
1986,13.5,28.4990798632304
1986,14.5,28.5427650104869
1986,15.5,28.5011633237203
1986,16.5,28.2560418446859
1986,17.5,27.7285415104457
1986,18.5,27.2513748168945
1986,19.5,26.551146030426
1986,20.5,26.2540106773376
1986,21.5,25.3864285605294
1986,22.5,24.1609490712484
1986,23.5,23.7281248304579
1986,24.5,22.4955354418073
1986,25.5,21.0988805294037
1986,26.5,20.352670842951
1986,27.5,19.5422916412354
1986,28.5,18.8054790496826
1986,29.5,18.3542128668891
1986,30.5,18.1481249673026
1986,31.5,17.6877861022949
1986,32.5,16.8984025319417
1986,33.5,16.6305561065674
1987,10.5,28.2510414123535
1987,11.5,28.5845313072205
1987,12.5,28.7776706001975
1987,13.5,28.8969616889954
1987,14.5,28.8823297674006
1987,15.5,28.8327433268229
1987,16.5,28.5876155429416
1987,17.5,28.020238331386
1987,18.5,27.5251251220703
1987,19.5,26.7530732154846
1987,20.5,26.4589581489563
1987,21.5,25.5911015101842
1987,22.5,24.373356713189
1987,23.5,24.0073146820068
1987,24.5,22.7524403163365
1987,25.5,21.2827081680298
1987,26.5,20.4465527967973
1987,27.5,19.6135208129883
1987,28.5,18.8088537216187
1987,29.5,18.343564775255
1987,30.5,18.1290776388986
1987,31.5,17.5992705821991
1987,32.5,16.8431250254313
1987,33.5,16.625763575236
1988,10.5,27.4784999847412
1988,11.5,27.9623956680298
1988,12.5,28.3286174427379
1988,13.5,28.5554684003194
1988,14.5,28.56674229015
1988,15.5,28.4408682187398
1988,16.5,28.0835414462619
1988,17.5,27.4249106815883
1988,18.5,26.8404586791992
1988,19.5,26.0227603912354
1988,20.5,25.6262497901917
1988,21.5,24.6745831625802
1988,22.5,23.4222452375624
1988,23.5,22.9918751186795
1988,24.5,21.8020834241595
1988,25.5,20.4886457920074
1988,26.5,19.8219692923806
1988,27.5,19.1079580307007
1988,28.5,18.4452917098999
1988,29.5,18.03055551317
1988,30.5,17.8436903272356
1988,31.5,17.2946093082428
1988,32.5,16.4552783966064
1988,33.5,16.1290973027547
1989,10.5,27.3740421295166
1989,11.5,27.8067450523376
1989,12.5,28.1381438862194
1989,13.5,28.3730557759603
1989,14.5,28.4354924288663
1989,15.5,28.4000522295634
1989,16.5,28.143564860026
1989,17.5,27.5752083914621
1989,18.5,27.0568332672119
1989,19.5,26.255051612854
1989,20.5,25.8636980056763
1989,21.5,24.87363079616
1989,22.5,23.6123377482096
1989,23.5,23.2782868279351
1989,24.5,22.1716665540423
1989,25.5,20.8902604579926
1989,26.5,20.1857573769309
1989,27.5,19.4319995880127
1989,28.5,18.7043752670288
1989,29.5,18.2444905175103
1989,30.5,17.9762202671596
1989,31.5,17.3781771659851
1989,32.5,16.4256941477458
1989,33.5,16.0255559285482
1990,10.5,27.6929164886475
1990,11.5,28.1182291507721
1990,12.5,28.4711553400213
1990,13.5,28.7621874809265
1990,14.5,28.8989389592951
1990,15.5,28.9216146469116
1990,16.5,28.7416203816732
1990,17.5,28.2472915649414
1990,18.5,27.8343330383301
1990,19.5,27.1366667747498
1990,20.5,26.8607287406921
1990,21.5,25.9628576551165
1990,22.5,24.7473381890191
1990,23.5,24.3696761661106
1990,24.5,23.2057440621512
1990,25.5,21.8164839744568
1990,26.5,20.9644508361816
1990,27.5,20.1238124847412
1990,28.5,19.2935832977295
1990,29.5,18.7679396735297
1990,30.5,18.4845834459577
1990,31.5,17.8859114646912
1990,32.5,17.0161107381185
1990,33.5,16.6253471374512
1991,10.5,27.8439163208008
1991,11.5,28.2545573711395
1991,12.5,28.5892424149947
1991,13.5,28.8035419782003
1991,14.5,28.8081439625133
1991,15.5,28.7007638613383
1991,16.5,28.4258102840847
1991,17.5,27.8792558397566
1991,18.5,27.4045837402344
1991,19.5,26.6951565742493
1991,20.5,26.4100518226624
1991,21.5,25.5403575897217
1991,22.5,24.3256944020589
1991,23.5,23.9023149278429
1991,24.5,22.5926780700684
1991,25.5,20.9970314502716
1991,26.5,20.0194885947488
1991,27.5,19.1447708129883
1991,28.5,18.3169164657593
1991,29.5,17.8059953053792
1991,30.5,17.5434521266392
1991,31.5,16.9558594226837
1991,32.5,16.1118752161662
1991,33.5,15.7938194274902
1992,10.5,28.0172088623047
1992,11.5,28.3733072280884
1992,12.5,28.6128787994385
1992,13.5,28.7623608907064
1992,14.5,28.7293180985884
1992,15.5,28.649427096049
1992,16.5,28.4383101993137
1992,17.5,28.0210415976388
1992,18.5,27.6887084960937
1992,19.5,27.119010925293
1992,20.5,26.9668231010437
1992,21.5,26.2777080535889
1992,22.5,25.2942824893528
1992,23.5,25.1222220526801
1992,24.5,24.1287795475551
1992,25.5,22.7855989933014
1992,26.5,21.8707197362726
1992,27.5,21.0142501831055
1992,28.5,20.0694166183472
1992,29.5,19.4355093638102
1992,30.5,19.1075594765799
1992,31.5,18.4240624904633
1992,32.5,17.6050701141357
1992,33.5,17.300625483195
1993,10.5,27.9236248016357
1993,11.5,28.3318490982056
1993,12.5,28.6023861278187
1993,13.5,28.7546526590983
1993,14.5,28.7537120472301
1993,15.5,28.6874826749166
1993,16.5,28.4651853773329
1993,17.5,27.9610415867397
1993,18.5,27.4994167327881
1993,19.5,26.8380727767944
1993,20.5,26.5354166030884
1993,21.5,25.7427084786551
1993,22.5,24.6561806996663
1993,23.5,24.2966433631049
1993,24.5,23.1786605290004
1993,25.5,21.7987239360809
1993,26.5,20.9590336192738
1993,27.5,20.132187461853
1993,28.5,19.2854793548584
1993,29.5,18.7652778625488
1993,30.5,18.5511905125209
1993,31.5,18.0462501049042
1993,32.5,17.3317362467448
1993,33.5,17.0709031422933
1994,10.5,27.71875
1994,11.5,28.2156250476837
1994,12.5,28.6603407426314
1994,13.5,28.9764931996663
1994,14.5,29.0896023837003
1994,15.5,29.0575346946716
1994,16.5,28.8134490119086
1994,17.5,28.2650590624128
1994,18.5,27.7724582672119
1994,19.5,27.0488023757935
1994,20.5,26.7510933876038
1994,21.5,25.850118637085
1994,22.5,24.6024769677056
1994,23.5,24.1943747202555
1994,24.5,22.9524707794189
1994,25.5,21.478255033493
1994,26.5,20.5645642714067
1994,27.5,19.733770942688
1994,28.5,18.9241876602173
1994,29.5,18.411828994751
1994,30.5,18.1384525299072
1994,31.5,17.5640103816986
1994,32.5,16.6759033203125
1994,33.5,16.2702083587646
1995,10.5,27.7991249084473
1995,11.5,28.2612497806549
1995,12.5,28.620814410123
1995,13.5,28.8751737276713
1995,14.5,28.944318077781
1995,15.5,28.8812154134115
1995,16.5,28.5742359161377
1995,17.5,27.979761668614
1995,18.5,27.480041885376
1995,19.5,26.7600522041321
1995,20.5,26.5089583396912
1995,21.5,25.6379165649414
1995,22.5,24.4084029727512
1995,23.5,24.0597222646077
1995,24.5,22.9177679334368
1995,25.5,21.5767183303833
1995,26.5,20.8398487784646
1995,27.5,20.0111457824707
1995,28.5,19.1746044158936
1995,29.5,18.5907175276015
1995,30.5,18.2635116577148
1995,31.5,17.6938803195953
1995,32.5,16.759236017863
1995,33.5,16.3559729258219
1996,10.5,27.3044586181641
1996,11.5,27.7973437309265
1996,12.5,28.1875946738503
1996,13.5,28.4802603721619
1996,14.5,28.6001134352251
1996,15.5,28.6121700604757
1996,16.5,28.4594213697645
1996,17.5,27.9948809487479
1996,18.5,27.5647083282471
1996,19.5,26.8819789886475
1996,20.5,26.57421875
1996,21.5,25.7319346836635
1996,22.5,24.5448841518826
1996,23.5,24.1864585876465
1996,24.5,22.9997324262347
1996,25.5,21.5556244850159
1996,26.5,20.7623861486262
1996,27.5,19.9782289505005
1996,28.5,19.2537082672119
1996,29.5,18.7899536556668
1996,30.5,18.5030950818743
1996,31.5,17.8904423713684
1996,32.5,16.8698609670003
1996,33.5,16.3417358398438
1997,10.5,28.3409999847412
1997,11.5,28.6429424285889
1997,12.5,28.8665904998779
1997,13.5,29.0178820292155
1997,14.5,29.0388067418879
1997,15.5,28.9743576049805
1997,16.5,28.7453931172689
1997,17.5,28.2754462105887
1997,18.5,27.8620002746582
1997,19.5,27.2204165458679
1997,20.5,26.9856247901917
1997,21.5,26.2043154580253
1997,22.5,25.12532403734
1997,23.5,24.8932637108697
1997,24.5,23.8433331080845
1997,25.5,22.4951303005219
1997,26.5,21.6407954476096
1997,27.5,20.8566875457764
1997,28.5,20.020666885376
1997,29.5,19.4716896480984
1997,30.5,19.1933629172189
1997,31.5,18.5379686355591
1997,32.5,17.6843744913737
1997,33.5,17.3271522521973
1998,10.5,28.2953338623047
1998,11.5,28.6312761306763
1998,12.5,28.8213639692827
1998,13.5,28.9184201558431
1998,14.5,28.8790151422674
1998,15.5,28.7938369115194
1998,16.5,28.5348146226671
1998,17.5,28.0665179661342
1998,18.5,27.6832912445068
1998,19.5,27.0941662788391
1998,20.5,26.9574475288391
1998,21.5,26.1677679334368
1998,22.5,24.9377314249674
1998,23.5,24.5843056572808
1998,24.5,23.270297731672
1998,25.5,21.7422657012939
1998,26.5,20.8774244135076
1998,27.5,20.0940832138062
1998,28.5,19.2743333816528
1998,29.5,18.7457175784641
1998,30.5,18.4678867885045
1998,31.5,17.8915104866028
1998,32.5,17.1384716033936
1998,33.5,16.957639058431
1999,10.5,27.4180835723877
1999,11.5,27.8833329677582
1999,12.5,28.2409281297164
1999,13.5,28.5068403879801
1999,14.5,28.5646213184703
1999,15.5,28.4727603594462
1999,16.5,28.1704627143012
1999,17.5,27.5890175955636
1999,18.5,27.1086250305176
1999,19.5,26.3730731010437
1999,20.5,26.1010417938232
1999,21.5,25.0806247166225
1999,22.5,23.5929164886475
1999,23.5,23.1018979814317
1999,24.5,21.6720831734794
1999,25.5,20.1378645896912
1999,26.5,19.3671594099565
1999,27.5,18.6462497711182
1999,28.5,17.9116249084473
1999,29.5,17.4328473409017
1999,30.5,17.2077980041504
1999,31.5,16.6657031774521
1999,32.5,15.8615973790487
1999,33.5,15.6404164632161
2000,10.5,27.468416595459
2000,11.5,27.9571354389191
2000,12.5,28.3653408397328
2000,13.5,28.6878126462301
2000,14.5,28.8055870749734
2000,15.5,28.7856596310933
2000,16.5,28.5052314334446
2000,17.5,27.9379760197231
2000,18.5,27.4636245727539
2000,19.5,26.7308330535889
2000,20.5,26.4664583206177
2000,21.5,25.5273505619594
2000,22.5,24.2171062893338
2000,23.5,23.8068057166206
2000,24.5,22.5357142857143
2000,25.5,21.1067709922791
2000,26.5,20.325719833374
2000,27.5,19.5627086639404
2000,28.5,18.7973960876465
2000,29.5,18.299814860026
2000,30.5,18.0618152618408
2000,31.5,17.4771614074707
2000,32.5,16.6500002543132
2000,33.5,16.3186105092367
2001,10.5,27.529708480835
2001,11.5,28.012838602066
2001,12.5,28.4197540283203
2001,13.5,28.7279165585836
2001,14.5,28.8376324393532
2001,15.5,28.8082637786865
2001,16.5,28.5634492238363
2001,17.5,27.9777379717146
2001,18.5,27.4267498016357
2001,19.5,26.6184897422791
2001,20.5,26.2719268798828
2001,21.5,25.3169046129499
2001,22.5,24.0300000508626
2001,23.5,23.6033333672418
2001,24.5,22.3323811122349
2001,25.5,20.9027345180511
2001,26.5,20.1678976579146
2001,27.5,19.3967710494995
2001,28.5,18.6232288360596
2001,29.5,18.0721526675754
2001,30.5,17.7375594547817
2001,31.5,17.1207551956177
2001,32.5,16.1989583969116
2001,33.5,15.7973613739014
2002,10.5,27.8017498016357
2002,11.5,28.2379949092865
2002,12.5,28.589147567749
2002,13.5,28.8529513676961
2002,14.5,28.9546025016091
2002,15.5,28.9721180597941
2002,16.5,28.8280554877387
2002,17.5,28.3878574371338
2002,18.5,27.9574169158936
2002,19.5,27.2030725479126
2002,20.5,26.8758854866028
2002,21.5,25.7973215920585
2002,22.5,24.3059955173069
2002,23.5,23.8283331129286
2002,24.5,22.3562502179827
2002,25.5,20.7227602005005
2002,26.5,19.8582385670055
2002,27.5,19.0202291488647
2002,28.5,18.1994792938232
2002,29.5,17.6800929175483
2002,30.5,17.401517868042
2002,31.5,16.8271613121033
2002,32.5,15.941180229187
2002,33.5,15.5959027608236
2003,10.5,28.0898750305176
2003,11.5,28.4558074474335
2003,12.5,28.6879166689786
2003,13.5,28.8609722455343
2003,14.5,28.9050950137052
2003,15.5,28.9218576749166
2003,16.5,28.7659255133735
2003,17.5,28.294881275722
2003,18.5,27.8699996948242
2003,19.5,27.1410417556763
2003,20.5,26.8738026618958
2003,21.5,25.8857143947056
2003,22.5,24.5155787997776
2003,23.5,24.0930324130588
2003,24.5,22.7766666412354
2003,25.5,21.2998700141907
2003,26.5,20.4880301735618
2003,27.5,19.7141042709351
2003,28.5,18.9473957061768
2003,29.5,18.4028472900391
2003,30.5,18.0414284297398
2003,31.5,17.4353904724121
2003,32.5,16.4557641347249
2003,33.5,16.0497217178345
2004,10.5,27.7395416259766
2004,11.5,28.1890368461609
2004,12.5,28.5358900590376
2004,13.5,28.817152818044
2004,14.5,28.9439960826527
2004,15.5,29.0005555152893
2004,16.5,28.8733100891113
2004,17.5,28.4112799508231
2004,18.5,27.9858749389648
2004,19.5,27.2391142845154
2004,20.5,26.9286980628967
2004,21.5,25.9255354745047
2004,22.5,24.5580552419027
2004,23.5,24.2468518151177
2004,24.5,23.0564880371094
2004,25.5,21.6679165363312
2004,26.5,20.9034085707231
2004,27.5,20.1960834503174
2004,28.5,19.3578960418701
2004,29.5,18.7893053690592
2004,30.5,18.4736606052944
2004,31.5,17.7160937786102
2004,32.5,16.7742366790771
2004,33.5,16.3202085494995
2005,10.5,27.8986248016357
2005,11.5,28.3368489742279
2005,12.5,28.6661933552135
2005,13.5,28.9141319592794
2005,14.5,28.9749811345881
2005,15.5,28.888697942098
2005,16.5,28.5477082994249
2005,17.5,27.8738989148821
2005,18.5,27.2980415344238
2005,19.5,26.4624481201172
2005,20.5,26.1499481201172
2005,21.5,25.256190436227
2005,22.5,24.0794209374322
2005,23.5,23.8896757761637
2005,24.5,22.8818449292864
2005,25.5,21.6581511497498
2005,26.5,20.9866476925937
2005,27.5,20.3120208740234
2005,28.5,19.5269790649414
2005,29.5,19.0160880618625
2005,30.5,18.7413687024798
2005,31.5,17.9361720085144
2005,32.5,16.9922917683919
2005,33.5,16.583958307902
2006,10.5,27.893416595459
2006,11.5,28.3431770801544
2006,12.5,28.6967993649569
2006,13.5,28.9636459350586
2006,14.5,29.0555492747914
2006,15.5,29.0298612912496
2006,16.5,28.8079399532742
2006,17.5,28.25622013637
2006,18.5,27.7603336334229
2006,19.5,26.9895830154419
2006,20.5,26.6789059638977
2006,21.5,25.6936010633196
2006,22.5,24.3682640923394
2006,23.5,24.0114816029867
2006,24.5,22.8326189858573
2006,25.5,21.4876823425293
2006,26.5,20.6696213808927
2006,27.5,19.8797286987305
2006,28.5,19.0905832290649
2006,29.5,18.5891204410129
2006,30.5,18.3429167611258
2006,31.5,17.7304165363312
2006,32.5,16.8892364501953
2006,33.5,16.5243746439616
2007,10.5,27.8131248474121
2007,11.5,28.289635181427
2007,12.5,28.6621211658825
2007,13.5,28.9458678563436
2007,14.5,29.0427839105779
2007,15.5,29.0212672551473
2007,16.5,28.7825232611762
2007,17.5,28.1999705178397
2007,18.5,27.6739170074463
2007,19.5,26.8484377861023
2007,20.5,26.4996871948242
2007,21.5,25.5046730041504
2007,22.5,24.144398159451
2007,23.5,23.7700224982368
2007,24.5,22.4787199837821
2007,25.5,21.0171091556549
2007,26.5,20.1843369223855
2007,27.5,19.3718748092651
2007,28.5,18.5836250305176
2007,29.5,18.1140740712484
2007,30.5,17.8893754141671
2007,31.5,17.2716403007507
2007,32.5,16.380833307902
2007,33.5,15.9646526972453
2008,10.5,27.7376670837402
2008,11.5,28.1524994373322
2008,12.5,28.4501703435724
2008,13.5,28.670260588328
2008,14.5,28.7112692052668
2008,15.5,28.6512673695882
2008,16.5,28.3513889312744
2008,17.5,27.7804464612688
2008,18.5,27.3126667022705
2008,19.5,26.5883855819702
2008,20.5,26.3598437309265
2008,21.5,25.4920234680176
2008,22.5,24.2416434817844
2008,23.5,23.9195139143202
2008,24.5,22.734226499285
2008,25.5,21.243958234787
2008,26.5,20.3315342989835
2008,27.5,19.5308124542236
2008,28.5,18.6781248092651
2008,29.5,18.1857172648112
2008,30.5,17.9913689749581
2008,31.5,17.2860159873962
2008,32.5,16.5086809794108
2008,33.5,16.1224994659424
2009,10.5,27.908166885376
2009,11.5,28.3369271755219
2009,12.5,28.7055116133256
2009,13.5,28.9641494750977
2009,14.5,29.0509470159357
2009,15.5,28.9937499364217
2009,16.5,28.8311112721761
2009,17.5,28.362083707537
2009,18.5,27.9604999542236
2009,19.5,27.3149480819702
2009,20.5,27.0746355056763
2009,21.5,26.1827684129987
2009,22.5,24.842870288425
2009,23.5,24.4399998982747
2009,24.5,23.0916072300502
2009,25.5,21.5063016414642
2009,26.5,20.5764583240856
2009,27.5,19.7371667861938
2009,28.5,18.880354309082
2009,29.5,18.364513821072
2009,30.5,18.1622916630336
2009,31.5,17.5262241363525
2009,32.5,16.7361113230387
2009,33.5,16.3515281677246
2010,10.5,27.9459583282471
2010,11.5,28.2993490695953
2010,12.5,28.4872537092729
2010,13.5,28.6028474171956
2010,14.5,28.5946781852029
2010,15.5,28.5514756838481
2010,16.5,28.2968981001112
2010,17.5,27.7707143511091
2010,18.5,27.3352081298828
2010,19.5,26.6395831108093
2010,20.5,26.4080729484558
2010,21.5,25.4348509652274
2010,22.5,23.9736340840658
2010,23.5,23.5568057166206
2010,24.5,22.1550595419747
2010,25.5,20.5628385543823
2010,26.5,19.6980679251931
2010,27.5,18.8940626144409
2010,28.5,18.1045833587646
2010,29.5,17.64168993632
2010,30.5,17.4587794712612
2010,31.5,16.9690365791321
2010,32.5,16.1855560938517
2010,33.5,15.8961111704508
2011,10.5,27.5615001678467
2011,11.5,28.0367443561554
2011,12.5,28.3864584836093
2011,13.5,28.6571003595988
2011,14.5,28.7711743441495
2011,15.5,28.7807288169861
2011,16.5,28.4946295420329
2011,17.5,27.8804460253034
2011,18.5,27.3518329620361
2011,19.5,26.5234379768372
2011,20.5,26.2508854866028
2011,21.5,25.2073813847133
2011,22.5,23.7371063232422
2011,23.5,23.3412267896864
2011,24.5,21.94023840768
2011,25.5,20.3732812404633
2011,26.5,19.5638252605091
2011,27.5,18.8352916717529
2011,28.5,18.1651248931885
2011,29.5,17.788889143202
2011,30.5,17.6340773446219
2011,31.5,17.1297137737274
2011,32.5,16.3179168701172
2011,33.5,15.989096959432
2012,10.5,28.1429164886475
2012,11.5,28.5777082443237
2012,12.5,28.9044319499623
2012,13.5,29.1384897232056
2012,14.5,29.1824810721657
2012,15.5,29.0942533810933
2012,16.5,28.7470141516791
2012,17.5,28.1243749346052
2012,18.5,27.607791519165
2012,19.5,26.8417711257935
2012,20.5,26.5684900283813
2012,21.5,25.643898827689
2012,22.5,24.3387037913005
2012,23.5,23.9986341264513
2012,24.5,22.723452431815
2012,25.5,21.20343708992
2012,26.5,20.310075413097
2012,27.5,19.515228843689
2012,28.5,18.7014373779297
2012,29.5,18.2413889567057
2012,30.5,18.1004467010498
2012,31.5,17.5251822471619
2012,32.5,16.802708307902
2012,33.5,16.4556941986084
2013,10.5,27.7907497406006
2013,11.5,28.231302022934
2013,12.5,28.560189333829
2013,13.5,28.8053990999858
2013,14.5,28.917443188754
2013,15.5,28.9497222900391
2013,16.5,28.8355556064182
2013,17.5,28.3876195635114
2013,18.5,27.9104583740234
2013,19.5,27.1291666030884
2013,20.5,26.7228646278381
2013,21.5,25.6510712759835
2013,22.5,24.2240278455946
2013,23.5,23.7333564758301
2013,24.5,22.3831253051758
2013,25.5,20.8705990314484
2013,26.5,20.0421211936257
2013,27.5,19.2724376678467
2013,28.5,18.5413331985474
2013,29.5,18.1268520355225
2013,30.5,17.9973512377058
2013,31.5,17.4915101528168
2013,32.5,16.7358328501383
2013,33.5,16.3680550257365
2014,10.5,28.1002498626709
2014,11.5,28.4890882968903
2014,12.5,28.797159021551
2014,13.5,29.0852429072062
2014,14.5,29.2305493788286
2014,15.5,29.3015972773234
2014,16.5,29.1872221628825
2014,17.5,28.7383629935128
2014,18.5,28.3466667175293
2014,19.5,27.7696871757507
2014,20.5,27.5858855247498
2014,21.5,26.7778271266392
2014,22.5,25.5879862043593
2014,23.5,25.2427779303657
2014,24.5,24.0317559923444
2014,25.5,22.6146614551544
2014,26.5,21.7892799377441
2014,27.5,21.0562501907349
2014,28.5,20.2546457290649
2014,29.5,19.7574999067518
2014,30.5,19.5938096727644
2014,31.5,18.9461719989777
2014,32.5,18.3222223917643
2014,33.5,18.0109723409017
2015,10.5,28.3924999237061
2015,11.5,28.8453125953674
2015,12.5,29.1667423248291
2015,13.5,29.3851040204366
2015,14.5,29.4501895904541
2015,15.5,29.4544965426127
2015,16.5,29.3832177056207
2015,17.5,28.9597026279994
2015,18.5,28.5438331604004
2015,19.5,27.9270834922791
2015,20.5,27.7002086639404
2015,21.5,26.9944643293108
2015,22.5,25.9194441901313
2015,23.5,25.6381713019477
2015,24.5,24.5501185825893
2015,25.5,23.2970836162567
2015,26.5,22.5283145904541
2015,27.5,21.7484792709351
2015,28.5,20.8709583282471
2015,29.5,20.3287268744575
2015,30.5,20.1747916085379
2015,31.5,19.5671877861023
2015,32.5,18.9571526845296
2015,33.5,18.5670833587646
2016,10.5,28.4011665344238
2016,11.5,28.9667708873749
2016,12.5,29.3229923248291
2016,13.5,29.5210591952006
2016,14.5,29.5229166204279
2016,15.5,29.4508163134257
2016,16.5,29.1999997033013
2016,17.5,28.5888690948486
2016,18.5,28.113500213623
2016,19.5,27.5328125953674
2016,20.5,27.4161458015442
2016,21.5,26.6010415213449
2016,22.5,25.3539585537381
2016,23.5,24.9764584435357
2016,24.5,23.6778272901263
2016,25.5,22.1224219799042
2016,26.5,21.2010607285933
2016,27.5,20.399666595459
2016,28.5,19.6243747711182
2016,29.5,19.1549767388238
2016,30.5,19.0787203652518
2016,31.5,18.4390885829926
2016,32.5,17.8276386260986
2016,33.5,17.4097913106283
2017,10.5,27.9909160614014
2017,11.5,28.5291666984558
2017,12.5,28.8839582963423
2017,13.5,29.1136980056763
2017,14.5,29.1633902463046
2017,15.5,29.1568228403727
2017,16.5,28.93824089898
2017,17.5,28.3783632005964
2017,18.5,27.8761669158936
2017,19.5,27.0714583396912
2017,20.5,26.8623433113098
2017,21.5,25.9282736097063
2017,22.5,24.6281481848823
2017,23.5,24.3020602332221
2017,24.5,23.0715476444789
2017,25.5,21.6760416030884
2017,26.5,20.915492144498
2017,27.5,20.1375003814697
2017,28.5,19.415979385376
2017,29.5,19.0336805979411
2017,30.5,19.0082735334124
2017,31.5,18.4560158252716
2017,32.5,17.7381248474121
2017,33.5,17.2088197072347
2018,10.5,27.9193752288818
2018,11.5,28.4754428863525
2018,12.5,28.8657006350431
2018,13.5,29.1465450922648
2018,14.5,29.2457384629683
2018,15.5,29.2712672551473
2018,16.5,28.9879167344835
2018,17.5,28.414196559361
2018,18.5,27.9448333740234
2018,19.5,27.2497916221619
2018,20.5,26.9627604484558
2018,21.5,26.0960418156215
2018,22.5,24.8924306233724
2018,23.5,24.4196762508816
2018,24.5,23.1698213304792
2018,25.5,21.8136720657349
2018,26.5,21.0719887126576
2018,27.5,20.3311874389648
2018,28.5,19.588791847229
2018,29.5,19.1759262084961
2018,30.5,19.1102085113525
2018,31.5,18.5574219226837
2018,32.5,17.9606246948242
2018,33.5,17.5428466796875
2019,10.5,28.2217082977295
2019,11.5,28.7273695468903
2019,12.5,29.1288634213534
2019,13.5,29.4157640139262
2019,14.5,29.4617803747004
2019,15.5,29.3518226941427
2019,16.5,29.0020601484511
2019,17.5,28.4597023555211
2019,18.5,27.9917083740234
2019,19.5,27.1911978721619
2019,20.5,26.8097915649414
2019,21.5,25.7972322191511
2019,22.5,24.5024303860135
2019,23.5,24.0620833502875
2019,24.5,22.8584226880755
2019,25.5,21.4345052242279
2019,26.5,20.6321778730913
2019,27.5,19.8615417480469
2019,28.5,19.1931251525879
2019,29.5,18.7886344061957
2019,30.5,18.6715477534703
2019,31.5,18.1589322090149
2019,32.5,17.4565976460775
2019,33.5,17.1034723917643
2020,10.5,28.1270412445068
2020,11.5,28.644140958786
2020,12.5,28.9724811207164
2020,13.5,29.2575869560242
2020,14.5,29.3459091186523
2020,15.5,29.2719443639119
2020,16.5,28.8968518575033
2020,17.5,28.2917262486049
2020,18.5,27.8163333892822
2020,19.5,27.085000038147
2020,20.5,26.7444272041321
2020,21.5,25.7916368756975
2020,22.5,24.6121065351698
2020,23.5,24.3113191392687
2020,24.5,23.2254464285714
2020,25.5,21.8051042556763
2020,26.5,21.0214203921231
2020,27.5,20.2752914428711
2020,28.5,19.505895614624
2020,29.5,19.0936109754774
2020,30.5,19.0301786150251
2020,31.5,18.4032554626465
2020,32.5,17.7041664123535
2020,33.5,17.2564582824707
2021,10.5,26.3314998626709
2021,11.5,27.1721873283386
2021,12.5,27.4481820193204
2021,13.5,27.4520831108093
2021,14.5,27.3534091602672
2021,15.5,27.4937499364217
2021,16.5,27.4294444190131
2021,17.5,26.4242853437151
2021,18.5,25.2825000762939
2021,19.5,24.0756249427795
2021,20.5,23.7043743133545
2021,21.5,23.5007141658238
2021,22.5,22.6752774980333
2021,23.5,22.1502780914307
2021,24.5,20.8482140132359
2021,25.5,19.1696875095367
2021,26.5,18.1952273628928
2021,27.5,17.6119998931885
2021,28.5,17.3492500305176
2021,29.5,17.0916665395101
2021,30.5,16.6546429225377
2021,31.5,15.6571875810623
2021,32.5,14.9175001780192
2021,33.5,14.5716667175293
